Date,Open,High,Low,Close,Adj Close,Volume,DailyChange,DailyMargin
2019-03-02,3831.47998,3846.379883,3790.73999,3843.449951,3843.449951,73609812,11.969971,55.639893
2019-03-01,3823.370117,3866.120117,3822.669922,3831.47998,3831.47998,101774924,8.109863,43.450195
2019-02-28,3830.719971,3909.860107,3798,3823.370117,3823.370117,170646670,-7.349854,111.860107
2019-02-27,3817.879883,3851.840088,3699.530029,3830.719971,3830.719971,175069054,12.840088,152.310059
2019-02-26,3845.51001,3852.659912,3791.899902,3817.879883,3817.879883,126868886,-27.630127,60.76001
2019-02-25,3771.620117,3885.060059,3771.530029,3845.51001,3845.51001,185036583,73.889893,113.53003
2019-02-24,4149.089844,4221.620117,3755.379883,3771.620117,3771.620117,319071544,-377.469727,466.240234
2019-02-23,3983.530029,4192.390137,3948.47998,4149.089844,4149.089844,231174632,165.559815,243.910157
2019-02-22,3937.040039,3996.149902,3917.659912,3983.530029,3983.530029,170405341,46.48999,78.48999
2019-02-21,3974.050049,4026.540039,3900.280029,3937.040039,3937.040039,187314178,-37.01001,126.26001
2019-02-20,3924.23999,3992.310059,3898.909912,3974.050049,3974.050049,209282292,49.810059,93.400147
2019-02-19,3912.570068,4010.909912,3882.52002,3924.23999,3924.23999,292137057,11.669922,128.389892
2019-02-18,3670.919922,3952.439941,3661.419922,3912.570068,3912.570068,376203280,241.650146,291.020019
2019-02-17,3617.23999,3706.169922,3608.179932,3670.919922,3670.919922,134218331,53.679932,97.98999
2019-02-16,3593.48999,3639.75,3592.040039,3617.23999,3617.23999,86973822,23.75,47.709961
2019-02-15,3588.719971,3640.649902,3575.949951,3593.48999,3593.48999,130398989,4.770019,64.699951
2019-02-14,3605.870117,3619.699951,3567.389893,3588.719971,3588.719971,117804856,-17.150146,52.310058
2019-02-13,3617.409912,3655.889893,3590.01001,3605.870117,3605.870117,146822348,-11.539795,65.879883
2019-02-12,3611.340088,3648.669922,3574.219971,3617.409912,3617.409912,164816438,6.069824,74.449951
2019-02-11,3685.139893,3688.590088,3608.179932,3611.340088,3611.340088,146354074,-73.799805,80.410156
2019-02-10,3652.26001,3689.320068,3611.459961,3685.139893,3685.139893,109365095,32.879883,77.860107
2019-02-09,3660.030029,3673.709961,3616.110107,3652.26001,3652.26001,94200588,-7.770019,57.599854
2019-02-08,3375.330078,3735.100098,3363.320068,3660.030029,3660.030029,317023029,284.699951,371.78003
2019-02-07,3394.889893,3406.540039,3369.100098,3375.330078,3375.330078,97390901,-19.559815,37.439941
2019-02-06,3447.659912,3459.330078,3362.23999,3394.889893,3394.889893,150408587,-52.770019,97.090088
2019-02-05,3431.23999,3447.879883,3415.669922,3447.659912,3447.659912,84042727,16.419922,32.209961
2019-02-04,3449.620117,3470.800049,3429.209961,3431.23999,3431.23999,82280894,-18.380127,41.590088
2019-02-03,3508.679932,3514.429932,3424.419922,3449.620117,3449.620117,79591219,-59.059815,90.01001
2019-02-02,3461.629883,3519.139893,3441.209961,3508.679932,3508.679932,94144187,47.050049,77.929932
2019-02-01,3434.129883,3478.550049,3398.959961,3461.629883,3461.629883,144476056,27.5,79.590088
2019-01-31,3467.209961,3499.780029,3422.830078,3434.129883,3434.129883,128773893,-33.080078,76.949951
2019-01-30,3418.25,3488.909912,3395.939941,3467.209961,3467.209961,146422486,48.959961,92.969971
2019-01-29,3453.419922,3463.199951,3369.189941,3418.25,3418.25,158106687,-35.169922,94.01001
2019-01-28,3565.080078,3567.560059,3402.560059,3453.419922,3453.419922,206309738,-111.660156,165
2019-01-27,3596.5,3605.98999,3511.290039,3565.080078,3565.080078,93766117,-31.419922,94.699951
2019-01-26,3582.889893,3676.399902,3578.620117,3596.5,3596.5,105927045,13.610107,97.779785
2019-01-25,3598.52002,3607.429932,3539.409912,3582.889893,3582.889893,116674680,-15.630127,68.02002
2019-01-24,3572.050049,3616.330078,3546.5,3598.52002,3598.52002,113155246,26.469971,69.830078
2019-01-23,3602.040039,3631.149902,3543.959961,3572.050049,3572.050049,135864247,-29.98999,87.189941
2019-01-22,3571.919922,3635.689941,3473.77002,3602.040039,3602.040039,191355241,30.120117,161.919921
2019-01-21,3567.72998,3599.830078,3535.189941,3571.919922,3571.919922,129000924,4.189942,64.640137
2019-01-20,3729.780029,3754.649902,3529.25,3567.72998,3567.72998,177628515,-162.050049,225.399902
2019-01-19,3648.050049,3799.620117,3643.01001,3729.780029,3729.780029,143238228,81.72998,156.610107
2019-01-18,3685.300049,3685.389893,3620.439941,3648.050049,3648.050049,118317804,-37.25,64.949952
2019-01-17,3643.98999,3695.280029,3586.919922,3685.300049,3685.300049,168287506,41.310059,108.360107
2019-01-16,3621.23999,3704.370117,3611.379883,3643.98999,3643.98999,196211595,22.75,92.990234
2019-01-15,3703.899902,3724.300049,3590.48999,3621.23999,3621.23999,198582447,-82.659912,133.810059
2019-01-14,3551.23999,3748.879883,3544.530029,3703.899902,3703.899902,204793029,152.659912,204.349854
2019-01-13,3664.379883,3675.199951,3528.23999,3551.23999,3551.23999,164125048,-113.139893,146.959961
2019-01-12,3669.199951,3692.120117,3611.199951,3664.379883,3664.379883,103912541,-4.820068,80.920166
2019-01-11,3668.149902,3729.689941,3616.409912,3669.199951,3669.199951,231465488,1.050049,113.280029
2019-01-10,4048.340088,4085.090088,3631.070068,3668.149902,3668.149902,412522198,-380.190186,454.02002
2019-01-09,4040.75,4092.909912,4013,4048.340088,4048.340088,223639028,7.590088,79.909912
2019-01-08,4050.399902,4156.160156,3990.340088,4040.75,4040.75,268091045,-9.649902,165.820068
2019-01-07,4102.850098,4132.620117,4001.350098,4050.399902,4050.399902,209289368,-52.450196,131.270019
2019-01-06,3855.389893,4145.160156,3829.090088,4102.850098,4102.850098,236298043,247.460205,316.070068
2019-01-05,3874.060059,3926.919922,3841.129883,3855.389893,3855.389893,139438510,-18.670166,85.790039
2019-01-04,3835.860107,3901.649902,3783.879883,3874.060059,3874.060059,170507611,38.199952,117.770019
2019-01-03,3961.01001,3965.52002,3778.76001,3835.860107,3835.860107,176488072,-125.149903,186.76001
2019-01-02,3880.149902,3989.590088,3826.290039,3961.01001,3961.01001,210854603,80.860108,163.300049
2019-01-01,3747.389893,3938.75,3696.939941,3880.149902,3880.149902,170598307,132.760009,241.810059
2018-12-31,3896.209961,3904.280029,3701.47998,3747.389893,3747.389893,206190463,-148.820068,202.800049
2018-12-30,3797.060059,3925.179932,3760.800049,3896.209961,3896.209961,191958416,99.149902,164.379883
2018-12-29,3947.860107,4004.139893,3774.379883,3797.060059,3797.060059,214891355,-150.800048,229.76001
2018-12-28,3646.090088,4007.709961,3628.429932,3947.860107,3947.860107,353705007,301.770019,379.280029
2018-12-27,3848.780029,3888.919922,3622.389893,3646.090088,3646.090088,305729129,-202.689941,266.530029
2018-12-26,3834.72998,3923.929932,3746.860107,3848.780029,3848.780029,263439573,14.050049,177.069825
2018-12-25,4081.949951,4094.610107,3734.850098,3834.72998,3834.72998,367200910,-247.219971,359.760009
2018-12-24,4007.629883,4303.370117,4006.600098,4081.949951,4081.949951,459290147,74.320068,296.770019
2018-12-23,4045.23999,4117.649902,3972.389893,4007.629883,4007.629883,235997621,-37.610107,145.260009
2018-12-22,3898.810059,4060.340088,3849.22998,4045.23999,4045.23999,250085915,146.429931,211.110108
2018-12-21,4137.660156,4247.709961,3831.199951,3898.810059,3898.810059,516656937,-238.850097,416.51001
2018-12-20,3736.540039,4225.52002,3712.820068,4137.660156,4137.660156,724855205,401.120117,512.699952
2018-12-19,3715.850098,3969.699951,3693.570068,3736.540039,3736.540039,620695447,20.689941,276.129883
2018-12-18,3548.189941,3727.98999,3481.459961,3715.850098,3715.850098,327807644,167.660157,246.530029
2018-12-17,3255.370117,3639.649902,3239.060059,3548.189941,3548.189941,412454521,292.819824,400.589843
2018-12-16,3232.51001,3319.830078,3227.399902,3255.370117,3255.370117,148182655,22.860107,92.430176
2018-12-15,3235.47998,3271.76001,3169.530029,3232.51001,3232.51001,165378769,-2.96997,102.229981
2018-12-14,3305.110107,3333.23999,3180.969971,3235.47998,3235.47998,290985461,-69.630127,152.270019
2018-12-13,3485.590088,3493.76001,3272.810059,3305.110107,3305.110107,286236674,-180.479981,220.949951
2018-12-12,3401.02002,3545.370117,3380.47998,3485.590088,3485.590088,257293632,84.570068,164.890137
2018-12-11,3467.159912,3483.580078,3348.97998,3401.02002,3401.02002,230671778,-66.139892,134.600098
2018-12-10,3592.840088,3645.48999,3416.77002,3467.159912,3467.159912,287119758,-125.680176,228.71997
2018-12-09,3461.070068,3718.580078,3436.5,3592.840088,3592.840088,295321498,131.77002,282.080078
2018-12-08,3420.570068,3602.48999,3295.209961,3461.070068,3461.070068,357548590,40.5,307.280029
2018-12-07,3485.179932,3576.110107,3248,3420.570068,3420.570068,699930576,-64.609864,328.110107
2018-12-06,3737.530029,3883.429932,3467.919922,3485.179932,3485.179932,590923562,-252.350097,415.51001
2018-12-05,3948.439941,3961.800049,3719.189941,3737.530029,3737.530029,320944415,-210.909912,242.610108
2018-12-04,3871.409912,4082.679932,3770.919922,3948.439941,3948.439941,373361232,77.030029,311.76001
2018-12-03,4143.859863,4159.009766,3795.179932,3871.409912,3871.409912,423985399,-272.449951,363.829834
2018-12-02,4197.700195,4318.790039,4077.669922,4143.859863,4143.859863,262154694,-53.600098,241.120117
2018-12-01,4009.669922,4309.649902,3942.620117,4197.459961,4197.459961,280927570,187.790039,367.029785
2018-11-30,4286.850098,4331.069824,3916.300049,4009.669922,4009.669922,497762735,-277.020019,414.769775
2018-11-29,4263.52002,4444.390137,4130.680176,4286.689941,4286.689941,479575430,23.140136,313.709961
2018-11-28,3822.98999,4398.569824,3822.939941,4263.549805,4263.549805,726808596,440.559815,575.629883
2018-11-27,3784.77002,3878.899902,3613.110107,3822.98999,3822.98999,555212127,38.399902,265.789795
2018-11-26,4004.459961,4124.700195,3598.810059,3784.590088,3784.590088,715341714,-219.559814,525.890136
2018-11-25,3854.110107,4165.930176,3550.040039,4004.149902,4004.149902,819869496,150.039795,615.890137
2018-11-24,4343.419922,4432,3741.199951,3854.110107,3854.110107,503028289,-489.309815,690.800049
2018-11-23,4320.680176,4419.47998,4157.189941,4343.419922,4343.419922,521825987,22.739746,262.290039
2018-11-22,4593.040039,4640.720215,4297.209961,4320.680176,4320.680176,376852837,-272.359863,343.510254
2018-11-21,4441.810059,4689.549805,4315.580078,4593.040039,4593.040039,686284917,151.22998,373.969727
2018-11-20,4809.620117,4953.560059,4168.25,4441.810059,4441.810059,1433400842,-367.810058,785.310059
2018-11-19,5615.259766,5615.97998,4757.009766,4809.620117,4809.620117,1072037780,-805.639649,858.970214
2018-11-18,5567.950195,5701.350098,5567.950195,5615.259766,5615.259766,233409182,46.319825,133.399903
2018-11-17,5586.970215,5602.009766,5524.700195,5568.939941,5568.939941,164182152,-17.330079,77.309571
2018-11-16,5647.5,5676.540039,5487.870117,5586.27002,5586.27002,397196182,-61.22998,188.669922
2018-11-15,5740.509766,5767.060059,5300.75,5647.5,5647.5,820864013,-93.970215,466.310059
2018-11-14,6339.169922,6375.700195,5469.930176,5741.470215,5741.470215,1045469380,-597.699707,905.770019
2018-11-13,6375.080078,6389.430176,6315.580078,6339.169922,6339.169922,227689745,-35.910156,73.850098
2018-11-12,6408.180176,6435.410156,6350.870117,6375.080078,6375.080078,181575610,-33.100098,84.540039
2018-11-11,6396.390137,6414.180176,6326.379883,6408.180176,6408.180176,130156001,11.810059,87.800293
2018-11-10,6377.990234,6419.919922,6376.169922,6396.370117,6396.370117,94313328,18.379883,43.75
2018-11-09,6446.060059,6457.970215,6352.450195,6377.990234,6377.990234,237893036,-68.069825,105.52002
2018-11-08,6530.939941,6542.419922,6438.27002,6446.060059,6446.060059,273205386,-83.620117,104.149902
2018-11-07,6479.720215,6562.790039,6476.589844,6529.680176,6529.680176,360052788,49.959961,86.200195
2018-11-06,6433.529785,6482.810059,6412.560059,6479.720215,6479.720215,239808254,45.979981,70.25
2018-11-05,6467.049805,6475.799805,6406.689941,6433.740234,6433.740234,155758902,-33.309571,69.109864
2018-11-04,6376.549805,6498.160156,6351.919922,6467.049805,6467.049805,175805188,90.729981,146.240234
2018-11-03,6394.649902,6398.089844,6336.959961,6376.319824,6376.319824,183565304,-18.340332,61.129883
2018-11-02,6381.299805,6420.930176,6371.569824,6394.660156,6394.660156,179385606,13.360351,49.360352
2018-11-01,6342.810059,6402.589844,6322.600098,6381.299805,6381.299805,199861220,38.689942,79.989746
2018-10-31,6309.109863,6391.25,6241.490234,6342.609863,6342.609863,245357244,33.5,149.759766
2018-10-30,6314.379883,6340.680176,6286.299805,6309.109863,6309.109863,269592154,-4.800293,54.380371
2018-10-29,6470.740234,6483.390137,6282.580078,6313.910156,6313.910156,342463526,-156.830078,200.810059
2018-10-28,6470.169922,6483.240234,6444.740234,6470.740234,6470.740234,109118160,0.570312,38.5
2018-10-27,6457.209961,6479,6445.950195,6470.169922,6470.169922,124066466,12.959961,33.049805
2018-10-26,6462.77002,6514,6441.810059,6457.209961,6457.209961,215447656,-5.560059,72.189941
2018-10-25,6476.52002,6497.899902,6432.299805,6462.77002,6462.77002,231214963,-13.47998,65.600097
2018-10-24,6470.629883,6538.350098,6465.72998,6476.25,6476.25,222068131,6.029785,72.620118
2018-10-23,6484.319824,6496.200195,6438.990234,6470.220215,6470.220215,220913293,-13.009765,57.209961
2018-10-22,6509.870117,6531.22998,6460.379883,6483.22998,6483.22998,202766914,-26.640137,70.850097
2018-10-21,6490.600098,6557.390137,6474.470215,6509.870117,6509.870117,105283929,19.310058,82.919922
2018-10-20,6469.279785,6645.200195,6395.450195,6490.560059,6490.560059,127185847,21.280274,249.75
2018-10-19,6489.370117,6503.089844,6449.359863,6469.279785,6469.279785,237855085,-19.44043,53.729981
2018-10-18,6576.399902,6616.27002,6445.049805,6488.720215,6488.720215,331761115,-85.799805,171.220215
2018-10-17,6583.049805,6589.200195,6511.600098,6574.52002,6574.52002,220418636,-8.529785,77.600097
2018-10-16,6612.689941,6724.910156,6545.540039,6583.049805,6583.049805,324232509,-29.310058,179.370117
2018-10-15,6277.72998,7234.830078,6244.77002,6612.359863,6612.359863,1190524168,334.629883,990.060058
2018-10-14,6267.27002,6346.560059,6247.169922,6277.72998,6277.72998,215422888,10.45996,99.390137
2018-10-13,6252.100098,6280.72998,6238.919922,6267.27002,6267.27002,137705035,16.419922,41.810058
2018-10-12,6209.470215,6296.560059,6173.859863,6250.850098,6250.850098,289840137,41.379883,122.700196
2018-10-11,6581.069824,6581.589844,6171.950195,6209.470215,6209.470215,654924117,-371.599609,409.639649
2018-10-10,6631.790039,6633.220215,6487.859863,6581.069824,6581.069824,323664963,-50.720215,145.360352
2018-10-09,6650.069824,6657,6589.390137,6631.790039,6631.790039,213976678,-18.279785,67.609863
2018-10-08,6601.459961,6698.310059,6565.009766,6650.069824,6650.069824,313507433,48.919922,133.300293
2018-10-07,6589.939941,6622.490234,6535.02002,6601.149902,6601.149902,179378859,11.209961,87.470214
2018-10-06,6632.879883,6637.080078,6563.25,6589.939941,6589.939941,162722103,-42.930176,73.830078
2018-10-05,6580,6683.549805,6546.97998,6632.870117,6632.870117,262562344,53.080078,136.569825
2018-10-04,6492.609863,6622.319824,6486.859863,6579.790039,6579.790039,277614018,87.530273,135.459961
2018-10-03,6525.459961,6537.069824,6428.97998,6492.259766,6492.259766,306385346,-33.210449,108.089844
2018-10-02,6594.97998,6618.950195,6478.040039,6525.470215,6525.470215,267166277,-69.509765,140.910156
2018-10-01,6623.819824,6662.600098,6510.540039,6594.97998,6594.97998,256959931,-28.729981,152.060059
2018-09-30,6603.75,6741.959961,6543.680176,6623.709961,6623.709961,174302164,19.959961,198.279785
2018-09-29,6635.399902,6635.419922,6474.22998,6603.75,6603.75,245055396,-31.629883,161.189942
2018-09-28,6686.129883,6806.100098,6545.410156,6635.379883,6635.379883,497340510,-50.75,260.689942
2018-09-27,6462.600098,6733.939941,6434.759766,6686.129883,6686.129883,345096700,223.529785,299.180175
2018-09-26,6437.740234,6543.919922,6383.160156,6462.600098,6462.600098,264402806,24.859864,160.759766
2018-09-25,6583.529785,6583.540039,6333.209961,6437.740234,6437.740234,420279170,-145.789551,250.330078
2018-09-24,6702.72998,6717.600098,6557.819824,6583.529785,6583.529785,324660682,-119.17041,159.780274
2018-09-23,6716.600098,6768.560059,6663.899902,6702.700195,6702.700195,169080003,-13.899903,104.660157
2018-09-22,6762.069824,6834.490234,6633.009766,6716.600098,6716.600098,261159308,-45.459961,201.480468
2018-09-21,6505.970215,6785.220215,6501.009766,6762.060059,6762.060059,569642976,256.160157,284.210449
2018-09-20,6398.830078,6551.930176,6361.330078,6505.899902,6505.899902,301619960,107.100097,190.600098
2018-09-19,6346.439941,6522.899902,6131.02002,6398.799805,6398.799805,452379323,52.359864,391.879882
2018-09-18,6261.330078,6393.390137,6238.25,6346.439941,6346.439941,348485895,84.959961,155.140137
2018-09-17,6502.439941,6538.819824,6216.830078,6261.47998,6261.47998,399675966,-240.959961,321.989746
2018-09-16,6522.680176,6525.049805,6404.310059,6502.439941,6502.439941,200545603,-19.640137,120.739746
2018-09-15,6485.390137,6573.189941,6473.470215,6522.080078,6522.080078,208349557,36.070312,99.719726
2018-09-14,6492.169922,6591.589844,6393.839844,6486.009766,6486.009766,377989402,-5.990234,197.75
2018-09-13,6337.080078,6534.890137,6337.080078,6492,6492,425090869,154.890137,197.810059
2018-09-12,6295.540039,6357.890137,6208.279785,6337.109863,6337.109863,332537236,41.569824,149.610352
2018-09-11,6324.430176,6415.509766,6199.189941,6295.540039,6295.540039,324512939,-28.890137,216.319825
2018-09-10,6249.069824,6371.419922,6247.640137,6324.430176,6324.430176,320435279,75.360352,123.779785
2018-09-09,6200.22998,6451.25,6161.830078,6249.069824,6249.069824,244400344,48.909668,289.419922
2018-09-08,6413.120117,6480.569824,6134.759766,6200.160156,6200.160156,317380272,-211.619629,345.810058
2018-09-07,6515.419922,6549.390137,6345.47998,6411.779785,6411.779785,344487244,-103.640137,203.910157
2018-09-06,6705.060059,6727.189941,6295.109863,6515.419922,6515.419922,823309044,-189.609863,432.080078
2018-09-05,7369.890137,7401.430176,6694.060059,6705.029785,6705.029785,797851163,-664.830078,707.370117
2018-09-04,7270.049805,7417.649902,7246.759766,7369.859863,7369.859863,343762001,99.810058,170.890136
2018-09-03,7301.25,7350.580078,7204.890137,7270.049805,7270.049805,309327793,-31.209961,145.689941
2018-09-02,7203.459961,7384.379883,7144.709961,7301.259766,7301.259766,447453370,97.799805,239.669922
2018-09-01,7026.959961,7272.029785,7025.580078,7203.459961,7203.459961,300301833,176.5,246.449707
2018-08-31,6998.759766,7096.72998,6903.080078,7026.959961,7026.959961,349131152,28.200195,193.649902
2018-08-30,7051.609863,7072.640137,6818.689941,6998.759766,6998.759766,425475685,-53.240234,253.950196
2018-08-29,7091.379883,7137.470215,6944.759766,7052,7052,356139022,-39.379883,192.710449
2018-08-28,6915.919922,7136.709961,6877.200195,7091.379883,7091.379883,487789642,175.649903,259.509766
2018-08-27,6720.600098,6944.209961,6674.839844,6915.72998,6915.72998,405769271,195.129882,269.370117
2018-08-26,6749.709961,6793.169922,6588.47998,6720.600098,6720.600098,265820591,-28.959961,204.689942
2018-08-25,6708.939941,6808.890137,6684.189941,6749.560059,6749.560059,258296664,40.600098,124.700196
2018-08-24,6539.129883,6736.830078,6481.759766,6708.959961,6708.959961,382456858,170.009766,255.070312
2018-08-23,6366.140137,6575.279785,6356.959961,6538.950195,6538.950195,340811486,172.820312,218.319824
2018-08-22,6491.089844,6890.790039,6264.339844,6366.129883,6366.129883,764005011,-124.97998,626.450195
2018-08-21,6270.089844,6506.689941,6259.810059,6491.109863,6491.109863,396746063,221.209961,246.879882
2018-08-20,6502.240234,6537.540039,6248.390137,6269.899902,6269.899902,397981291,-232.280274,289.149902
2018-08-19,6405.740234,6560.879883,6330.560059,6502.180176,6502.180176,253984821,96.470215,230.319824
2018-08-18,6591.180176,6622.160156,6322.439941,6405.709961,6405.709961,336744293,-185.450195,299.720215
2018-08-17,6323.810059,6594.720215,6300.450195,6591.160156,6591.160156,477089455,267.350097,294.27002
2018-08-16,6274.220215,6478.069824,6217.330078,6323.810059,6323.810059,454679037,49.589844,260.739746
2018-08-15,6199.629883,6620.069824,6193.629883,6274.220215,6274.220215,852103141,74.620117,426.439941
2018-08-14,6263.200195,6266.5,5891.870117,6199.600098,6199.600098,759847789,-63.600097,374.629883
2018-08-13,6322.410156,6545.02002,6157.029785,6263.200195,6263.200195,452431672,-59.719727,387.990235
2018-08-12,6242.529785,6483.390137,6176.890137,6322.919922,6322.919922,366460108,80.379883,306.5
2018-08-11,6152.950195,6488.549805,6014.259766,6242.540039,6242.540039,545722619,89.129883,474.290039
2018-08-10,6543.25,6582.140137,6025.910156,6153.410156,6153.410156,639457019,-389.830078,556.229981
2018-08-09,6285.060059,6631.22998,6195.02002,6543.240234,6543.240234,575748446,258.220214,436.20996
2018-08-08,6723.290039,6723.990234,6133.029785,6285.02002,6285.02002,838853615,-438.189941,590.960449
2018-08-07,6945.77002,7150.859863,6685.02002,6723.209961,6723.209961,575690006,-222.569824,465.839843
2018-08-06,7042.569824,7160.399902,6854.790039,6945.779785,6945.779785,410408444,-96.610352,305.609863
2018-08-05,7017.890137,7092.529785,6898.310059,7042.390137,7042.390137,368914046,24.5,194.219726
2018-08-04,7417.600098,7490.890137,6940.149902,7017.890137,7017.890137,534002935,-399.709961,550.740235
2018-08-03,7542.339844,7542.490234,7296.759766,7417.600098,7417.600098,586982505,-124.739746,245.730468
2018-08-02,7610.899902,7713.319824,7470.859863,7542.339844,7542.339844,424093581,-68.560058,242.459961
2018-08-01,7736.25,7760.740234,7449.310059,7610.899902,7610.899902,595404848,-124.399903,311.430175
2018-07-31,8176.080078,8176.27002,7663.700195,7735.299805,7735.299805,765186307,-440.760254,512.569825
2018-07-30,8216.700195,8273.610352,7867.439941,8176.060059,8176.060059,681120739,-40.720214,406.170411
2018-07-29,8230.820313,8291.549805,8123.529785,8216.780273,8216.780273,280233415,-14.089844,168.02002
2018-07-28,8182.879883,8238.040039,8070.040039,8230.870117,8230.870117,295872316,47.97998,168
2018-07-27,7937.100098,8278.009766,7806.25,8182.890137,8182.890137,646256012,245.640137,471.759766
2018-07-26,8170.370117,8302.240234,7862.669922,7937.25,7937.25,643953970,-232.97998,439.570312
2018-07-25,8395.80957,8481.110352,8061.069824,8170.22998,8170.22998,736530740,-225.590333,420.040528
2018-07-24,7718,8485.709961,7692.160156,8395.820313,8395.820313,1166560702,677.820313,793.549805
2018-07-23,7398.640137,7798.589844,7376.660156,7718,7718,745533303,319.359863,421.929688
2018-07-22,7405.399902,7569.279785,7345.25,7398.640137,7398.640137,355565264,-6.759765,224.029785
2018-07-21,7333.930176,7453.069824,7220.370117,7405.399902,7405.399902,297440355,71.469726,232.699707
2018-07-20,7477.100098,7676.549805,7279.339844,7333.930176,7333.930176,603034414,-143.569824,397.209961
2018-07-19,7383.390137,7563.700195,7289.899902,7477.5,7477.5,522544440,94.109863,273.800293
2018-07-18,7326.759766,7590.649902,7253.709961,7383.390137,7383.390137,788460811,56.689942,336.939941
2018-07-17,6740.540039,7476.240234,6677.560059,7326.700195,7326.700195,799401451,586.15039,798.680175
2018-07-16,6364.259766,6761.839844,6349.830078,6740.549805,6740.549805,494264915,376.290039,412.009766
2018-07-15,6268.319824,6401.5,6245.75,6364.259766,6364.259766,218543291,95.509766,155.75
2018-07-14,6229.609863,6332.459961,6190.180176,6268.75,6268.75,174416786,38.919922,142.279785
2018-07-13,6253.660156,6349.209961,6131.540039,6229.830078,6229.830078,319802271,-23.77002,217.669922
2018-07-12,6394.359863,6394.930176,6084,6253.600098,6253.600098,409078182,-140.759765,310.930176
2018-07-11,6306.870117,6405.589844,6293.680176,6394.359863,6394.359863,327667754,87.509765,111.909668
2018-07-10,6668.839844,6683.609863,6277.22998,6306.850098,6306.850098,470432142,-361.989746,406.379883
2018-07-09,6707.459961,6803.100098,6625.580078,6668.839844,6668.839844,328316145,-38.540039,177.52002
2018-07-08,6758.080078,6782.850098,6684.149902,6707.379883,6707.379883,268455446,-50.700195,98.700196
2018-07-07,6602.029785,6814.419922,6518.22998,6758.080078,6758.080078,277167900,156.060058,296.189942
2018-07-06,6534.810059,6633.439941,6458.140137,6602.02002,6602.02002,310759733,67.209961,175.299804
2018-07-05,6589.77002,6691.319824,6448.22998,6534.810059,6534.810059,421189063,-55.25,243.089844
2018-07-04,6508.430176,6777.970215,6411.129883,6590.060059,6590.060059,412202352,80.479981,366.840332
2018-07-03,6616.600098,6670.299805,6473.47998,6509.580078,6509.580078,356390898,-106.080078,196.819825
2018-07-02,6342.689941,6673.709961,5537.859863,6615.660156,6615.660156,465915661,276.620117,1135.850098
2018-07-01,6385.430176,6429.5,6262.720215,6339.040039,6339.040039,259708490,-46.339844,166.779785
2018-06-30,6203.810059,6503.330078,6194.509766,6385.379883,6385.379883,419284677,181.580078,308.820312
2018-06-29,5870.810059,6286.669922,5813.02002,6203.799805,6203.799805,554799001,332.52002,473.649902
2018-06-28,6141.569824,6172.22998,5844.259766,5871.279785,5871.279785,385907044,-270.290039,327.970214
2018-06-27,6092.259766,6192.109863,6021.689941,6141.569824,6141.569824,383457137,53.179687,170.419922
2018-06-26,6260.399902,6286.359863,6067.490234,6088.390137,6088.390137,391396653,-171.959961,218.869629
2018-06-25,6157.779785,6344.450195,6095.25,6260.350098,6260.350098,492834172,102.570313,249.200195
2018-06-24,6166.359863,6254.02002,5782.129883,6157.779785,6157.779785,667479078,-8.760254,471.890137
2018-06-23,6051.470215,6257.879883,6033.200195,6166.540039,6166.540039,350697378,115.069824,224.679688
2018-06-22,6720.640137,6731.509766,5941.319824,6051.470215,6051.470215,862826624,-669.169922,790.189942
2018-06-21,6761.27002,6790.080078,6687.660156,6720.640137,6720.640137,295690715,-40.629883,102.419922
2018-06-20,6741.279785,6817.899902,6569.959961,6761.27002,6761.27002,400530201,19.990235,247.939941
2018-06-19,6714.560059,6839.600098,6672.200195,6741.279785,6741.279785,370797057,26.459961,167.399903
2018-06-18,6457.779785,6802.029785,6401.410156,6714.819824,6714.819824,430241689,257.040039,400.619629
2018-06-17,6503.100098,6585.77002,6446.379883,6457.779785,6457.779785,224575526,-45.320313,139.390137
2018-06-16,6396.709961,6569.149902,6345.990234,6503.100098,6503.100098,232802782,106.390137,223.159668
2018-06-15,6643.629883,6667.22998,6380.689941,6396.709961,6396.709961,379228601,-246.549805,286.540039
2018-06-14,6310.430176,6719.439941,6286.22998,6643.259766,6643.259766,620296377,332.82959,433.209961
2018-06-13,6556.939941,6623,6140.629883,6310.430176,6310.430176,797087281,-246.509765,482.370117
2018-06-12,6887.430176,6888.330078,6462.609863,6556.939941,6556.939941,509372466,-330.430176,425.720215
2018-06-11,6773.720215,6913.850098,6652.890137,6887.370117,6887.370117,482788065,113.649902,260.959961
2018-06-10,7513.759766,7514.040039,6661.97998,6773.720215,6773.720215,895514425,-739.969726,852.060059
2018-06-09,7627.560059,7691.740234,7495.720215,7513.689941,7513.689941,218013881,-113.830079,196.020019
2018-06-08,7700.399902,7709.609863,7559.5,7627.52002,7627.52002,310119047,-72.589843,150.109863
2018-06-07,7661.790039,7755.919922,7651.129883,7700.109863,7700.109863,342475552,38.319824,104.790039
2018-06-06,7629.399902,7701.350098,7504.97998,7661.790039,7661.790039,396116252,32.390137,196.370118
2018-06-05,7503.319824,7672.700195,7394.970215,7629.399902,7629.399902,440337235,126.199707,277.72998
2018-06-04,7719.72998,7760.72998,7469.209961,7503.200195,7503.200195,427448262,-216.549805,291.520019
2018-06-03,7643.259766,7774.959961,7606.759766,7719.75,7719.75,332313005,76.490234,168.200195
2018-06-02,7530.549805,7697.339844,7467.790039,7643.259766,7643.259766,362414878,112.709961,229.549805
2018-06-01,7501.740234,7614.660156,7370.27002,7530.549805,7530.549805,458687659,28.399903,244.390136
2018-05-31,7393.02002,7608.870117,7349.52002,7502.149902,7502.149902,458223966,109.129882,259.350097
2018-05-30,7474.75,7571.080078,7295.779785,7393.02002,7393.02002,505870974,-81.72998,275.300293
2018-05-29,7118.879883,7533.029785,7069.009766,7474.75,7474.75,634849312,355.870117,464.020019
2018-05-28,7362.22998,7455.549805,7092.910156,7118.879883,7118.879883,526854342,-243.350097,362.639649
2018-05-27,7355.060059,7420.069824,7256.669922,7362.22998,7362.22998,341348321,7.169921,163.399902
2018-05-26,7475.359863,7626.689941,7314.709961,7355.060059,7355.060059,368322782,-120.299804,311.97998
2018-05-25,7584.779785,7652.370117,7347.959961,7475.359863,7475.359863,634474356,-109.380371,304.410156
2018-05-24,7505.77002,7729.47998,7283.77002,7584.740234,7584.740234,826278113,78.970214,445.70996
2018-05-23,7992.75,8031.629883,7460.660156,7505.77002,7505.77002,934151146,-486.97998,570.969727
2018-05-22,8419.669922,8428.599609,7962.430176,7992.75,7992.75,543342369,-426.900391,466.169433
2018-05-21,8533.219727,8585.849609,8347.879883,8419.650391,8419.650391,463653636,-113.349609,237.969726
2018-05-20,8249.240234,8591.450195,8181.459961,8533,8533,418898289,283.759766,409.990234
2018-05-19,8247.910156,8397.269531,8160.799805,8249.240234,8249.240234,381458405,1.330078,236.469726
2018-05-18,8071.040039,8280.450195,7940.350098,8247.910156,8247.910156,558167598,176.870117,340.100097
2018-05-17,8342.69043,8476.450195,8015.77002,8071.040039,8071.040039,615539512,-273.740234,460.680175
2018-05-16,8480.160156,8501.650391,8119.169922,8344.780273,8344.780273,789660713,-135.379883,382.480469
2018-05-15,8672.879883,8848.69043,8441.25,8480.160156,8480.160156,730739738,-192.740235,407.44043
2018-05-14,8709.459961,8883,8312.719727,8672.900391,8672.900391,874543293,-36.55957,570.280273
2018-05-13,8488.070313,8773.959961,8350.910156,8709.459961,8709.459961,525395861,222.790039,423.049805
2018-05-12,8420.820313,8653.799805,8225.969727,8486.669922,8486.669922,783972252,65.669922,427.830078
2018-05-11,9032.219727,9032.269531,8363.5,8421,8421,1176888629,-611.219727,668.769531
2018-05-10,9321.519531,9393.950195,9017.129883,9032.219727,9032.219727,629850604,-288.940429,376.820312
2018-05-09,9196.129883,9373.459961,8987.269531,9321.160156,9321.160156,625495066,125.030273,386.19043
2018-05-08,9377.080078,9472.089844,9063.070313,9196.129883,9196.129883,673924125,-181.679687,409.019531
2018-05-07,9643.990234,9662.230469,9202.129883,9377.80957,9377.80957,692580062,-267.110352,460.100586
2018-05-06,9846.44043,9936.959961,9441.929688,9644.919922,9644.919922,608650204,-200.980469,495.030273
2018-05-05,9700.370117,9968.849609,9687.089844,9845.900391,9845.900391,679872376,146.290039,281.759765
2018-05-04,9746.259766,9785.150391,9547.209961,9699.610352,9699.610352,663887678,-45.429687,237.94043
2018-05-03,9232.19043,9817.19043,9172.280273,9745.040039,9745.040039,857646889,512.849609,644.910157
2018-05-02,9077.280273,9271.620117,8993.820313,9232.19043,9232.19043,527488395,154.910157,277.799804
2018-05-01,9248.25,9251.660156,8851.099609,9077.280273,9077.280273,669555436,-171.169922,400.560547
2018-04-30,9407.349609,9459.80957,9133.599609,9248.450195,9248.450195,574099218,-158.589844,326.209961
2018-04-29,9349.94043,9552.669922,9189.070313,9407.040039,9407.040039,640931911,55.570312,363.599609
2018-04-28,8938.469727,9435.900391,8892.519531,9351.469727,9351.469727,774111704,413,543.38086
2018-04-27,9289.009766,9385.870117,8923.480469,8938.469727,8938.469727,758182407,-343.65039,462.389648
2018-04-26,8873.570313,9315.129883,8669.379883,9282.120117,9282.120117,997427934,408.5,645.75
2018-04-25,9657.69043,9765.230469,8757.05957,8873.620117,8873.620117,1779806222,-782.149414,1008.170899
2018-04-24,8967.860352,9741.910156,8957.679688,9655.769531,9655.769531,1276464750,687.519531,784.230468
2018-04-23,8823.459961,9025.730469,8804.200195,8968.25,8968.25,553892335,144.889648,221.530274
2018-04-22,8935.849609,9043.980469,8788.44043,8823.360352,8823.360352,610183093,-112.359375,255.540039
2018-04-21,8877.150391,9047.820313,8631.179688,8935.719727,8935.719727,829073400,58.639649,416.640625
2018-04-20,8301.820313,8945.139648,8243.490234,8877.080078,8877.080078,979994921,575.259765,701.649414
2018-04-19,8189.919922,8321.009766,8136.419922,8301.820313,8301.820313,602099034,111.860352,184.589844
2018-04-18,7921.649902,8246.570313,7908.919922,8189.959961,8189.959961,593500791,268.330078,337.650391
2018-04-17,8079.77002,8187.600098,7858.120117,7921.629883,7921.629883,580880500,-158.140137,329.479981
2018-04-16,8376.730469,8430.929688,7929.240234,8079.77002,8079.77002,713471956,-296.960449,501.689454
2018-04-15,8022.509766,8437.030273,8021.040039,8376.730469,8376.730469,570527804,354.220703,415.990234
2018-04-14,7898.740234,8195.339844,7841.189941,8022.509766,8022.509766,537286381,123.399903,354.149903
2018-04-13,7927.72998,8237.160156,7758.799805,7899.109863,7899.109863,1171435820,-28.620117,478.360351
2018-04-12,6977.040039,8051.950195,6791.330078,7927.72998,7927.72998,1490759969,950.600097,1260.620117
2018-04-11,6871.069824,6999.370117,6839.160156,6977.129883,6977.129883,450141340,106.060059,160.209961
2018-04-10,6789.529785,6922.839844,6676.720215,6871.069824,6871.069824,424510977,81.540039,246.119629
2018-04-09,7049.919922,7204.279785,6633.689941,6789.529785,6789.529785,901883664,-260.390137,570.589844
2018-04-08,6917.200195,7132.029785,6911.02002,7049.919922,7049.919922,425825572,132.719727,221.009765
2018-04-07,6634.859863,7083.850098,6624.470215,6917.200195,6917.200195,564883141,282.340332,459.379883
2018-04-06,6790.450195,6869.529785,6526.669922,6634.859863,6634.859863,605651287,-155.590332,342.859863
2018-04-05,6815.5,6933.660156,6602.379883,6790.450195,6790.450195,777145174,-25.049805,331.280273
2018-04-04,7434.299805,7442.419922,6727.089844,6815.5,6815.5,877199782,-618.799805,715.330078
2018-04-03,7074.649902,7528.970215,7039.879883,7434.299805,7434.299805,905326798,359.699707,489.090332
2018-04-02,6835.580078,8218.660156,6792.299805,7074.600098,7074.600098,748861435,238.760254,1426.360351
2018-04-01,6943.77002,7056.220215,6463.540039,6835.839844,6835.839844,889887684,-107.930176,592.680176
2018-03-31,6853.75,7228.399902,6806.339844,6943.77002,6943.77002,915400590,90.010254,422.060058
2018-03-30,7106.620117,7280.27002,6595.259766,6853.759766,6853.759766,1584675343,-252.860351,685.010254
2018-03-29,7959.779785,7983.77002,6927.109863,7106.620117,7106.620117,1379180030,-853.159668,1056.660157
2018-03-28,7808.419922,8117.790039,7752.600098,7959.779785,7959.779785,657712114,151.299805,365.189941
2018-03-27,8152.180176,8226.240234,7752.299805,7808.47998,7808.47998,930754990,-343.720215,473.940429
2018-03-26,8472.55957,8521.040039,7869.27002,8152.200195,8152.200195,1079038734,-320.639649,651.770019
2018-03-25,8548.389648,8690.360352,8395.849609,8472.839844,8472.839844,657643520,-75.219726,294.510743
2018-03-24,8935.509766,9036.230469,8515.530273,8548.05957,8548.05957,827663165,-386.740235,520.700196
2018-03-23,8724.980469,8935.879883,8307.580078,8934.799805,8934.799805,939997284,209.819336,628.299805
2018-03-22,8911.370117,9107,8500.879883,8724.980469,8724.980469,1023286566,-186.36914,606.120117
2018-03-21,8920.530273,9184.509766,8778.69043,8911.349609,8911.349609,991376396,-9.360352,405.819336
2018-03-20,8623.139648,9056.230469,8339.799805,8920.709961,8920.709961,1150462439,297.570313,716.430664
2018-03-19,8215.5,8725.599609,8129.660156,8623.139648,8623.139648,1447812723,407.739257,595.939453
2018-03-18,7882.669922,8299.860352,7318.459961,8215.400391,8215.400391,1535519444,331.950196,981.400391
2018-03-17,8283.230469,8360.639648,7765.410156,7883.450195,7883.450195,901939422,-399.780274,595.229492
2018-03-16,8267.950195,8616.629883,7924.109863,8283.230469,8283.230469,1082790136,14.820313,692.52002
2018-03-15,8216.219727,8432.120117,7698.470215,8268.410156,8268.410156,1519850464,50.709961,733.649902
2018-03-14,9160.120117,9360.660156,7966.939941,8217.700195,8217.700195,1385572511,-942.419922,1393.720215
2018-03-13,9142.269531,9486.120117,8856.650391,9160.120117,9160.120117,1228556284,17.969726,629.469726
2018-03-12,9543.980469,9907.410156,8796.519531,9142.150391,9142.150391,1435404200,-402.689453,1110.890625
2018-03-11,8797.269531,9735.639648,8484.320313,9544.839844,9544.839844,1374814644,747.570313,1251.319335
2018-03-10,9252.759766,9518.620117,8727.429688,8797.269531,8797.269531,1084925795,-455.490235,791.190429
2018-03-09,9316.769531,9433.379883,8393.450195,9252.759766,9252.759766,2081621422,-63.959961,1039.929688
2018-03-08,9928.55957,10119.20996,9086.849609,9316.719727,9316.719727,1492236089,-611.839843,1032.360351
2018-03-07,10735.4502,10913.7002,9470.730469,9928.55957,9928.55957,1858869115,-806.890625,1442.969731
2018-03-06,11440.33008,11441.65039,10589.28027,10735.4502,10735.4502,1210081181,-705.280274,852.37012
2018-03-05,11503.94043,11694.15039,11431.54981,11440.73047,11440.73047,791471905,-63.689453,262.60058
2018-03-04,11465.36035,11539.79004,11084.00977,11504.41992,11504.41992,690727335,39.05957,455.78027
2018-03-03,11043.12012,11530.66016,11043.12012,11465.36035,11465.36035,812200126,422.240235,487.54004
2018-03-02,10929.37012,11191.94043,10801.4502,11043.12012,11043.12012,852908489,113.75,390.49023
2018-03-01,10334.44043,11090.29981,10247.55957,10929.37012,10929.37012,952472120,594.929687,842.74024
2018-02-28,10594.75977,11067.75977,10303.13965,10334.44043,10334.44043,1126074675,-260.319336,764.62012
2018-02-27,10326.5,10879.37988,10154.24023,10594.75977,10594.75977,1060840699,268.259766,725.13965
2018-02-26,9610.110352,10457.50977,9411.820313,10326.5,10326.5,1181729273,716.389648,1045.689457
2018-02-25,9705.730469,9873.790039,9329.44043,9610.110352,9610.110352,793093192,-95.620117,544.349609
2018-02-24,10175.50977,10528,9396.540039,9705.730469,9705.730469,1244484468,-469.779297,1131.459961
2018-02-23,9847.959961,10420.66992,9604,10175.50977,10175.50977,1399448203,327.549805,816.66992
2018-02-22,10481.66016,10941.57031,9757.19043,9847.959961,9847.959961,1795951829,-633.700195,1184.37988
2018-02-21,11256.78027,11295.58008,10256.20996,10481.66016,10481.66016,1982721124,-774.769532,1039.37012
2018-02-20,11182.28027,11802.23047,11130.9502,11256.42969,11256.42969,1640343867,74.149415,671.28027
2018-02-19,10418.12012,11265.95996,10336.32031,11182.28027,11182.28027,1186535653,765.049804,929.63965
2018-02-18,11097.20996,11288.33984,10161.00977,10417.23047,10417.23047,1659704217,-679.979492,1127.33007
2018-02-17,10188.73047,11119.4502,10074.07031,11097.20996,11097.20996,1327921168,908.479492,1045.37989
2018-02-16,10033.75,10303.13965,9720.379883,10188.73047,10188.73047,1061827697,154.980469,582.759767
2018-02-15,9485.639648,10223.58008,9363.379883,10033.75,10033.75,1666668487,548.110352,860.200197
2018-02-14,8544.69043,9508.219727,8542.980469,9485.639648,9485.639648,1220863360,940.949218,965.239258
2018-02-13,8911.169922,8955.150391,8379.349609,8544.69043,8544.69043,853320352,-366.579101,575.800782
2018-02-12,8084.609863,8997.339844,8084.410156,8911.269531,8911.269531,1085921871,826.659668,912.929688
2018-02-11,8569.320313,8573.349609,7862.310059,8084.609863,8084.609863,1013771945,-484.680176,711.03955
2018-02-10,8696.830078,9081.490234,8176.25,8569.290039,8569.290039,1348923336,-127.540039,905.240234
2018-02-09,8259.259766,8743.200195,7775.359863,8696.830078,8696.830078,1348072086,436.139648,967.840332
2018-02-08,7593.779785,8643.94043,7590.47998,8260.69043,8260.69043,1594673973,667.970215,1053.46045
2018-02-07,7701.25,8572.679688,7208.859863,7592.720215,7592.720215,2159765331,-108.529785,1363.819825
2018-02-06,6936.430176,7932.379883,5968.359863,7701.25,7701.25,3397596513,764.169922,1964.02002
2018-02-05,8218.049805,8391.290039,6627.310059,6937.080078,6937.080078,2534149181,-1280.969727,1763.97998
2018-02-04,9251.269531,9400.990234,7889.830078,8218.049805,8218.049805,1413207410,-1033.219726,1511.160156
2018-02-03,8872.870117,9504.370117,8194.679688,9251.269531,9251.269531,1253484523,380.449218,1309.690429
2018-02-02,9114.730469,9147.929688,7786.200195,8870.820313,8870.820313,2768759876,-243.899414,1361.729493
2018-02-01,10226.86035,10280.83984,8726.950195,9114.719727,9114.719727,1964308989,-1112.140625,1553.889645
2018-01-31,10107.40039,10377.95996,9698.129883,10226.86035,10226.86035,1230902973,119.600586,679.830077
2018-01-30,11234.32031,11263.7002,9871.209961,10107.25977,10107.25977,1720894077,-1126.690429,1392.490239
2018-01-29,11767.74023,11860.29004,11089.51953,11233.9502,11233.9502,920836244,-533.790039,770.77051
2018-01-28,11460.38965,12064.19043,11407.94043,11767.74023,11767.74023,1038153169,308.030273,656.25
2018-01-27,11104.33984,11638.69043,10879.2002,11459.70996,11459.70996,1031091633,355.509766,759.49023
2018-01-26,11175.87012,11656.54004,10346.86035,11104.2002,11104.2002,1560135332,-71.669922,1309.67969
2018-01-25,11428.11035,11741.91992,10930.33984,11175.87012,11175.87012,1061064251,-253.149414,811.58008
2018-01-24,10853.78027,11531.59961,10506.54981,11429.01953,11429.01953,1286435482,570.789062,1025.0498
2018-01-23,10814.51953,11388.51953,9980.5,10858.23047,10858.23047,1710180828,43.710938,1408.01953
2018-01-22,11549.98047,11913.74023,10067.75977,10814.51953,10814.51953,1811992345,-735.410157,1845.98046
2018-01-21,12783.54004,12787.34961,11101.73047,11549.92969,11549.92969,1552755289,-1234.010742,1685.61914
2018-01-20,11521.82031,13031.04004,11502.11035,12783.94043,12783.94043,1492721765,1262.180664,1528.92969
2018-01-19,11175.51953,11780.49023,10867.17969,11521.75977,11521.75977,1264875700,346.240235,913.31054
2018-01-18,11162.7002,12018.42969,10642.33008,11175.51953,11175.51953,2357251805,12.819336,1376.09961
2018-01-17,11282.49023,11736.29981,9205.379883,11162.7002,11162.7002,3666978316,-119.790039,2530.919927
2018-01-16,13634.59961,13648.83984,10032.69043,11282.49023,11282.49023,3842651741,-2349.490235,3616.14941
2018-01-15,13638.62988,14355.82031,13416.70996,13631.98047,13631.98047,1170462750,-6.649414,939.11035
2018-01-14,14244.12012,14415.66992,13031.91016,13638.62988,13638.62988,1112590573,-604.490234,1383.75976
2018-01-13,13841.19043,14595.04004,13830.28027,14243.12012,14243.12012,1021352776,401.929687,764.75977
2018-01-12,13308.05957,14129.08008,12851.91016,13841.19043,13841.19043,1402292716,533.13086,1277.16992
2018-01-11,14920.36035,14979.95996,12825.9502,13308.05957,13308.05957,2373494121,-1611.430664,2154.00976
2018-01-10,14468.08984,14919.49023,13450.54004,14919.49023,14919.49023,2025083791,450.990234,1468.95019
2018-01-09,14976.16992,15390.28027,14221.54981,14468.5,14468.5,1486802326,-507.669922,1168.73046
2018-01-08,16228.25977,16302.91992,13902.30957,14976.16992,14976.16992,2166366561,-1251.990234,2400.61035
2018-01-07,17174.5,17184.81055,15791.12988,16228.16016,16228.16016,1309532650,-944.140625,1393.68067
2018-01-06,16954.75977,17252.84961,16286.57031,17172.30078,17172.30078,1412703790,217.521484,966.2793
2018-01-05,15180.08008,17126.94922,14832.36035,16954.7793,16954.7793,2283988962,1774.699219,2294.58887
2018-01-04,15156.49023,15408.66016,14244.66992,15180.08008,15180.08008,1656714736,23.459961,1163.99024
2018-01-03,14754.08984,15435.00977,14579.70996,15156.62012,15156.62012,1604206990,402.490234,855.29981
2018-01-02,13444.87988,15306.12988,12934.16016,14754.12988,14754.12988,1956783037,1309.25,2371.96972
2018-01-01,13850.49023,13921.53027,12877.66992,13444.87988,13444.87988,1057521524,-405.520508,1043.86035
2017-12-31,12532.37988,14241.82031,12359.42969,13850.40039,13850.40039,1492142483,1318.88086,1882.39062
2017-12-30,14392.13965,14461.45996,11962.08984,12531.51953,12531.51953,2387311023,-1861.050782,2499.37012
2017-12-29,14398.4502,15109.80957,13951.08008,14392.57031,14392.57031,1733583750,-6.129882,1158.72949
2017-12-28,15416.33984,15505.50977,13466.07031,14398.7002,14398.7002,2425912717,-1017.939453,2039.43946
2017-12-27,15757.01953,16514.58984,14534.66016,15416.63965,15416.63965,2162831128,-339.919922,1979.92968
2017-12-26,13830.19043,16094.66992,13748.49023,15756.55957,15756.55957,2198577125,1923.069336,2346.17969
2017-12-25,13789.9502,14467.42969,13010.70996,13833.49023,13833.49023,1487888106,43.540039,1456.71973
2017-12-24,14396.62988,14413.71973,12166.4502,13789.9502,13789.9502,2428437693,-606.509766,2247.26953
2017-12-23,13664.96973,15493.23047,13356.07031,14396.45996,14396.45996,2491903154,731.490234,2137.16016
2017-12-22,15632.12012,15823.71973,10875.70996,13664.96973,13664.96973,6245731508,-1967.15039,4948.00977
2017-12-21,16461.08984,17301.83008,14952.98047,15632.12012,15632.12012,2619295475,-829.850586,2348.84961
2017-12-20,17521.73047,17813.59961,15642.69043,16461.9707,16461.9707,3791752510,-1061.728516,2170.90918
2017-12-19,18971.18945,19021.9707,16812.80078,17523.69922,17523.69922,3136709262,-1448.621094,2209.16992
2017-12-18,19065.71094,19221.09961,18114.41992,18972.32031,18972.32031,2597510049,-93.390625,1106.67969
2017-12-17,19346.59961,19870.61914,18750.91016,19065.71094,19065.71094,2264650369,-279.779296,1119.70898
2017-12-16,17594.08008,19587.69922,17318.53906,19345.49023,19345.49023,2078806368,1740.640625,2269.16016
2017-12-15,16467.91016,17987.0293,16442.19922,17604.84961,17604.84961,2682351213,1136.939453,1544.83008
2017-12-14,16286.82031,16941.08008,16023.63965,16467.91016,16467.91016,1773813863,181.089843,917.44043
2017-12-13,17083.90039,17267.96094,15669.86035,16286.82031,16286.82031,2576055941,-797.080078,1598.10059
2017-12-12,16733.28906,17560.65039,16254.53027,17083.90039,17083.90039,2246138895,351.429688,1306.12012
2017-12-11,15060.4502,17399.17969,15024.55957,16732.4707,16732.4707,2634267594,1672.871094,2374.62012
2017-12-10,14839.98047,15783.2002,13031,15059.59961,15059.59961,2904037859,216.179687,2752.2002
2017-12-09,16048.17969,16313.17969,13151.46973,14843.41992,14843.41992,2699876215,-1204.19043,3161.70996
2017-12-08,16867.98047,17294.84961,13906.09961,16047.61035,16047.61035,4546014731,-802.700195,3388.75
2017-12-07,13750.08984,16879.25977,13401.61035,16850.31055,16850.31055,4510225316,3100.740234,3477.64942
2017-12-06,11667.12988,13843.2002,11661.75977,13749.57031,13749.57031,2437037791,2082.44043,2181.44043
2017-12-05,11624.37012,11901.87012,11486.12988,11667.12988,11667.12988,1048839303,43.219727,415.74024
2017-12-04,11244.2002,11624.62988,10917.80957,11623.91016,11623.91016,1057859226,377.700195,706.82031
2017-12-03,10912.71973,11851.08984,10578.42969,11246.20996,11246.20996,1380012064,333.479492,1272.66015
2017-12-02,10861.46973,11175.23047,10715.54981,10912.73047,10912.73047,950474241,51.260742,459.68066
2017-12-01,9947.080078,10942.79981,9420.929688,10861.46973,10861.46973,1353669597,914.709961,1521.870122
2017-11-30,9848.049805,10689.05957,9023.769531,9946.759766,9946.759766,1836210107,108.899414,1665.290039
2017-11-29,9906.040039,11417.83984,8938.700195,9837.860352,9837.860352,2418792360,-68.179687,2479.139645
2017-11-28,9732.629883,9969.580078,9638.200195,9906.040039,9906.040039,865328615,172.839844,331.379883
2017-11-27,9318.419922,9733.610352,9316.839844,9733.200195,9733.200195,1025175619,414.780273,416.770508
2017-11-26,8754.620117,9474.620117,8746.55957,9318.419922,9318.419922,782499976,563.729492,728.060547
2017-11-25,8203.450195,8761.980469,8153.700195,8754.69043,8754.69043,718483679,553.890625,608.280274
2017-11-24,8013.379883,8332.94043,7900.169922,8200.799805,8200.799805,595710405,187.389649,432.770508
2017-11-23,8234.5,8266.549805,8012.350098,8013.410156,8013.410156,555465146,-221.139649,254.199707
2017-11-22,8099.919922,8304.370117,8091.629883,8234.549805,8234.549805,539697375,134.57959,212.740234
2017-11-21,8245.870117,8368.360352,7819.060059,8099.970215,8099.970215,938345413,-144.720215,549.300293
2017-11-20,8042.640137,8294.120117,7947.279785,8244.69043,8244.69043,617354329,202.050293,346.840332
2017-11-19,7781.02002,8100.870117,7675.410156,8042.640137,8042.640137,541391321,261.729981,425.459961
2017-11-18,7699.950195,7857.52002,7458.899902,7780.910156,7780.910156,571121111,80.959961,398.620118
2017-11-17,7853.680176,8000.189941,7534.700195,7699.950195,7699.950195,917599923,-153.729981,465.489746
2017-11-16,7283.02002,7964.640137,7119.169922,7853.680176,7853.680176,1010130763,570.459961,845.470215
2017-11-15,6597.060059,7330.060059,6596.939941,7283.220215,7283.220215,922959468,686.160156,733.120118
2017-11-14,6522.450195,6728.589844,6419.180176,6597.060059,6597.060059,634604991,74.609864,309.409668
2017-11-13,5878.089844,6760.149902,5828.339844,6522.450195,6522.450195,1135256036,644.320312,931.810058
2017-11-12,6339.870117,6490.529785,5493.640137,5878.129883,5878.129883,1629165385,-461.72998,996.889648
2017-11-11,6565.799805,6821.5,6197.870117,6339.859863,6339.859863,878096915,-225.939942,623.629883
2017-11-10,7129.589844,7318.970215,6406.049805,6565.799805,6565.799805,1513421266,-563.790039,912.92041
2017-11-09,7444.359863,7457.120117,7040.830078,7129.589844,7129.589844,915963933,-314.770019,416.290039
2017-11-08,7102.22998,7869.100098,7026.970215,7444.359863,7444.359863,1632547465,341.609863,842.129883
2017-11-07,6959.27002,7222.370117,6957.799805,7102.75,7102.75,716798409,143.52002,264.570312
2017-11-06,7389.549805,7429.700195,6934.72998,6959.22998,6959.22998,1148125488,-430.319825,494.970215
2017-11-05,7363.799805,7599.439941,7284.330078,7389.549805,7389.549805,789287755,25.75,315.109863
2017-11-04,7146.97998,7492.240234,6957.839844,7363.799805,7363.799805,773371754,211.679688,534.40039
2017-11-03,7024.810059,7445.620117,6938.930176,7152.120117,7152.120117,1120978013,127.310058,506.689941
2017-11-02,6737.779785,7339.910156,6737.77002,7024.810059,7024.810059,1663170039,287.030274,602.140136
2017-11-01,6449.100098,6738.740234,6355,6737.779785,6737.779785,869798619,286.539551,383.740234
2017-10-31,6124.279785,6467.200195,6090.830078,6451.240234,6451.240234,637838767,326.960449,376.370117
2017-10-30,6147.700195,6226.180176,6018.970215,6124.279785,6124.279785,481600502,-23.240235,207.209961
2017-10-29,5726.609863,6295.430176,5679.370117,6147.52002,6147.52002,966990808,420.910157,616.060059
2017-10-28,5764.560059,5871.040039,5654.799805,5726.609863,5726.609863,305611140,-37.950196,216.240234
2017-10-27,5887.620117,5997.830078,5692.319824,5764.560059,5764.560059,488283724,-123.049804,305.510254
2017-10-26,5734,5970.399902,5689.919922,5887.609863,5887.609863,547664553,153.609863,280.47998
2017-10-25,5513.080078,5747.959961,5375.640137,5734,5734,585738379,220.919922,372.319824
2017-10-24,5903.609863,5904.629883,5463.410156,5513.080078,5513.080078,811951129,-390.529785,441.219727
2017-10-23,5982.859863,6048.97998,5644.220215,5903.609863,5903.609863,801148315,-79.25,404.759765
2017-10-22,6006.649902,6070.560059,5722.97998,5982.859863,5982.859863,618893096,-23.790039,347.580079
2017-10-21,5993.109863,6187.200195,5874.540039,6006.649902,6006.649902,684989667,13.540039,312.660156
2017-10-20,5698.620117,6075.319824,5611.390137,5993.109863,5993.109863,729487923,294.459961,463.929687
2017-10-19,5576.709961,5737.410156,5517.620117,5698.649902,5698.649902,469774559,122.819824,219.790039
2017-10-18,5598.580078,5601.299805,5114.870117,5575.830078,5575.830078,654722509,-22.75,486.429688
2017-10-17,5759.25,5773.319824,5521.089844,5598.580078,5598.580078,368658284,-160.75,252.22998
2017-10-16,5677.350098,5795.330078,5576.100098,5759.330078,5759.330078,349154669,71.189941,219.22998
2017-10-15,5824.709961,5862.689941,5448.220215,5688.140137,5688.140137,571166215,-136.569824,414.469726
2017-10-14,5637.259766,5839.620117,5568.859863,5824.709961,5824.709961,434406119,187.450195,270.760254
2017-10-13,5432.620117,5852.779785,5391.970215,5637.259766,5637.259766,1211469140,204.639649,460.80957
2017-10-12,4824.200195,5432.629883,4814.97998,5432.620117,5432.620117,848641969,608.419922,617.649903
2017-10-11,4763.359863,4874.890137,4718.600098,4824.200195,4824.200195,338533507,60.840332,156.290039
2017-10-10,4777.490234,4930,4722.810059,4763.359863,4763.359863,475717720,-14.130371,207.189941
2017-10-09,4611.700195,4875.379883,4556.149902,4777.490234,4777.490234,518586828,165.790039,319.229981
2017-10-08,4435.810059,4622.870117,4419.359863,4611.700195,4611.700195,323063950,175.890136,203.510254
2017-10-07,4371.939941,4472.919922,4319.47998,4435.810059,4435.810059,176332039,63.870118,153.439942
2017-10-06,4321.439941,4422.149902,4296.930176,4371.939941,4371.939941,269878225,50.5,125.219726
2017-10-05,4218.660156,4365.759766,4143.350098,4321.439941,4321.439941,271914958,102.779785,222.409668
2017-10-04,4314.180176,4355.290039,4183.569824,4218.660156,4218.660156,272424730,-95.52002,171.720215
2017-10-03,4401.319824,4435.990234,4230.72998,4314.180176,4314.180176,353046057,-87.139648,205.260254
2017-10-02,4403.089844,4477.379883,4364.669922,4401.319824,4401.319824,314621927,-1.77002,112.709961
2017-10-01,4360.620117,4412.620117,4258.319824,4403.089844,4403.089844,262485153,42.469727,154.300293
2017-09-30,4172.790039,4383.27002,4164.25,4360.620117,4360.620117,290796939,187.830078,219.02002
2017-09-29,4195.649902,4237.509766,4030.370117,4172.790039,4172.790039,404599756,-22.859863,207.139649
2017-09-28,4212.200195,4274.640137,4112.879883,4195.649902,4195.649902,386909537,-16.550293,161.760254
2017-09-27,3892.699951,4232.350098,3882.080078,4212.200195,4212.200195,480358673,319.500244,350.27002
2017-09-26,3932.830078,3982.310059,3858.75,3892.699951,3892.699951,248481868,-40.130127,123.560059
2017-09-25,3667.52002,3971.5,3665.669922,3932.830078,3932.830078,386674961,265.310058,305.830078
2017-09-24,3788.02002,3790.889893,3633.879883,3667.52002,3667.52002,183852135,-120.5,157.01001
2017-09-23,3600.830078,3813.389893,3563.179932,3788.02002,3788.02002,253370774,187.189942,250.209961
2017-09-22,3617.27002,3753.51001,3505.810059,3600.830078,3600.830078,414612501,-16.439942,247.699951
2017-09-21,3882.159912,3912.790039,3576.540039,3617.27002,3617.27002,543570164,-264.889892,336.25
2017-09-20,3907.959961,4053.040039,3846.76001,3882.159912,3882.159912,342438072,-25.800049,206.280029
2017-09-19,4100.279785,4120.709961,3852.219971,3907.959961,3907.959961,488897829,-192.319824,268.48999
2017-09-18,3689.610107,4122.75,3689,4100.279785,4100.279785,586938661,410.669678,433.75
2017-09-17,3698.919922,3796.560059,3485.830078,3689.610107,3689.610107,351250484,-9.309815,310.729981
2017-09-16,3713.76001,3893.669922,3551.830078,3698.919922,3698.919922,627559216,-14.840088,341.839844
2017-09-15,3243.080078,3824.429932,2979.879883,3713.76001,3713.76001,1519153953,470.679932,844.550049
2017-09-14,3870.290039,3930.689941,3218.97998,3243.080078,3243.080078,1118258889,-627.209961,711.709961
2017-09-13,4158.919922,4174.580078,3752.01001,3870.290039,3870.290039,728385231,-288.629883,422.570068
2017-09-12,4217.899902,4387.759766,4074.969971,4158.919922,4158.919922,453402207,-58.97998,312.789795
2017-09-11,4245.890137,4364.419922,4134.620117,4217.899902,4217.899902,375254125,-27.990235,229.799805
2017-09-10,4335.129883,4338.080078,4032.149902,4245.890137,4245.890137,451244396,-89.239746,305.930176
2017-09-09,4326.450195,4402.149902,4185.330078,4335.129883,4335.129883,332195251,8.679688,216.819824
2017-09-08,4635.600098,4699.589844,4130.879883,4326.450195,4326.450195,786819863,-309.149903,568.709961
2017-09-07,4618.709961,4690.549805,4493.200195,4635.600098,4635.600098,324939872,16.890137,197.34961
2017-09-06,4409.080078,4660.040039,4401.529785,4618.709961,4618.709961,504717245,209.629883,258.510254
2017-09-05,4267.450195,4496.669922,4004.620117,4409.080078,4409.080078,673846827,141.629883,492.049805
2017-09-04,4612.919922,4621.009766,4098.580078,4267.450195,4267.450195,737216060,-345.469727,522.429688
2017-09-03,4573.799805,4719.779785,4397.740234,4612.919922,4612.919922,470135795,39.120117,322.039551
2017-09-02,4921.850098,4976.52002,4448.640137,4573.799805,4573.799805,747713818,-348.050293,527.879883
2017-09-01,4735.109863,4925.22998,4690.169922,4921.850098,4921.850098,491140364,186.740235,235.060058
2017-08-31,4583.02002,4765.069824,4580.129883,4735.109863,4735.109863,338981145,152.089843,184.939941
2017-08-30,4597.310059,4644.060059,4491.790039,4583.02002,4583.02002,313466398,-14.290039,152.27002
2017-08-29,4390.310059,4647.830078,4350.220215,4597.310059,4597.310059,455467850,207,297.609863
2017-08-28,4345.75,4403.129883,4195.22998,4390.310059,4390.310059,325285703,44.560059,207.899903
2017-08-27,4352.299805,4408.180176,4321.120117,4345.75,4345.75,185180843,-6.549805,87.060059
2017-08-26,4364.410156,4379.279785,4263.279785,4352.299805,4352.299805,199403922,-12.110351,116
2017-08-25,4318.350098,4461.709961,4292.629883,4364.410156,4364.410156,362283252,46.060058,169.080078
2017-08-24,4141.089844,4364.109863,4111.709961,4318.350098,4318.350098,305373477,177.260254,252.399902
2017-08-23,4089.699951,4255.620117,4070.48999,4141.089844,4141.089844,402340258,51.389893,185.130127
2017-08-22,4005.100098,4142.680176,3612.209961,4089.699951,4089.699951,659657838,84.599853,530.470215
2017-08-21,4066.600098,4097.25,3966.929932,4005.100098,4005.100098,365174045,-61.5,130.320068
2017-08-20,4150.450195,4182.290039,4034.399902,4066.600098,4066.600098,288193446,-83.850097,147.890137
2017-08-19,4105.370117,4189.680176,3957.459961,4150.450195,4150.450195,462723151,45.080078,232.220215
2017-08-18,4278.919922,4362.72998,3978.280029,4105.370117,4105.370117,603898315,-173.549805,384.449951
2017-08-17,4387.399902,4487.5,4194.100098,4278.919922,4278.919922,554232802,-108.47998,293.399902
2017-08-16,4161.660156,4398.060059,3938.620117,4387.399902,4387.399902,472960334,225.739746,459.439942
2017-08-15,4327.939941,4436.47998,3837.129883,4161.660156,4161.660156,872840682,-166.279785,599.350097
2017-08-14,4062.600098,4336.709961,3978.949951,4327.939941,4327.939941,540927757,265.339843,357.76001
2017-08-13,3871.620117,4189.419922,3847.310059,4062.600098,4062.600098,638917500,190.979981,342.109863
2017-08-12,3654.370117,3967.26001,3611.360107,3871.620117,3871.620117,469532325,217.25,355.899903
2017-08-11,3425.669922,3706.47998,3409.790039,3654.370117,3654.370117,345135492,228.700195,296.689941
2017-08-10,3348.790039,3453.840088,3322.919922,3425.669922,3425.669922,242024460,76.879883,130.920166
2017-08-09,3429.379883,3437.149902,3251.030029,3348.790039,3348.790039,324058681,-80.589844,186.119873
2017-08-08,3401.909912,3494.870117,3357.149902,3429.379883,3429.379883,366169429,27.469971,137.720215
2017-08-07,3232.030029,3425.129883,3198.51001,3401.909912,3401.909912,294021645,169.879883,226.619873
2017-08-06,3262.800049,3295.070068,3166.52002,3232.030029,3232.030029,196484496,-30.77002,128.550048
2017-08-05,2878.48999,3344.01001,2875.909912,3262.800049,3262.800049,503737620,384.310059,468.100098
2017-08-04,2809.98999,2892.669922,2779.51001,2878.48999,2878.48999,195800289,68.5,113.159912
2017-08-03,2720.530029,2822.879883,2717.620117,2809.98999,2809.98999,188517085,89.459961,105.259766
2017-08-02,2746.98999,2773.800049,2668.870117,2720.530029,2720.530029,222534344,-26.459961,104.929932
2017-08-01,2883.27002,2946.02002,2659.620117,2746.98999,2746.98999,341216428,-136.28003,286.399903
2017-07-31,2766.48999,2916.300049,2723.050049,2883.27002,2883.27002,254836601,116.78003,193.25
2017-07-30,2733.5,2773.060059,2621.679932,2766.48999,2766.48999,222933516,32.98999,151.380127
2017-07-29,2806.75,2812.129883,2699.419922,2733.5,2733.5,230818894,-73.25,112.709961
2017-07-28,2691.879883,2843.780029,2683.590088,2806.75,2806.75,383479795,114.870117,160.189941
2017-07-27,2559.209961,2712.919922,2547.73999,2691.879883,2691.879883,269880857,132.669922,165.179932
2017-07-26,2582.580078,2631.72998,2441.540039,2559.209961,2559.209961,340465234,-23.370117,190.189941
2017-07-25,2763.419922,2779.080078,2472.620117,2582.580078,2582.580078,534765380,-180.839844,306.459961
2017-07-24,2756.610107,2798.889893,2715.689941,2763.419922,2763.419922,229047365,6.809815,83.199952
2017-07-23,2836.530029,2856.669922,2675.649902,2756.610107,2756.610107,299869260,-79.919922,181.02002
2017-07-22,2675.080078,2876.709961,2658.590088,2836.530029,2836.530029,341992860,161.449951,218.119873
2017-07-21,2866.02002,2873.959961,2622.540039,2675.080078,2675.080078,529154789,-190.939942,251.419922
2017-07-20,2282.580078,2932.810059,2282.110107,2866.02002,2866.02002,807416890,583.439942,650.699952
2017-07-19,2320.22998,2412.379883,2243.129883,2282.580078,2282.580078,357639189,-37.649902,169.25
2017-07-18,2233.389893,2400.73999,2164.590088,2320.22998,2320.22998,465220151,86.840087,236.149902
2017-07-17,1914.089966,2233.830078,1913.790039,2233.389893,2233.389893,368366495,319.299927,320.040039
2017-07-16,1975.079956,2044.410034,1808.98999,1914.089966,1914.089966,364287861,-60.98999,235.420044
2017-07-15,2234.169922,2237.129883,1974.030029,1975.079956,1975.079956,320719096,-259.089966,263.099854
2017-07-14,2362.439941,2370.530029,2165.360107,2234.169922,2234.169922,257704533,-128.270019,205.169922
2017-07-13,2403.090088,2436.659912,2334.959961,2362.439941,2362.439941,208630220,-40.650147,101.699951
2017-07-12,2324.290039,2424.820068,2262.080078,2403.090088,2403.090088,257095280,78.800049,162.73999
2017-07-11,2344.02002,2412.75,2265.47998,2324.290039,2324.290039,341998621,-19.729981,147.27002
2017-07-10,2511.429932,2530.340088,2271.790039,2344.02002,2344.02002,297270301,-167.409912,258.550049
2017-07-09,2564.860107,2576.72998,2509.649902,2511.429932,2511.429932,99506518,-53.430175,67.080078
2017-07-08,2513.879883,2568.72998,2480.620117,2564.860107,2564.860107,136973389,50.980224,88.109863
2017-07-07,2614.23999,2617.47998,2484.72998,2513.879883,2513.879883,229168229,-100.360107,132.75
2017-07-06,2627.860107,2634.840088,2581.800049,2614.23999,2614.23999,156558009,-13.620117,53.040039
2017-07-05,2617.320068,2642.73999,2562.040039,2627.860107,2627.860107,232257106,10.540039,80.699951
2017-07-04,2572.469971,2658.72998,2569.98999,2617.320068,2617.320068,210433639,44.850097,88.73999
2017-07-03,2536.459961,2617.47998,2506.300049,2572.469971,2572.469971,212244951,36.01001,111.179931
2017-07-02,2424.610107,2555.340088,2375.860107,2536.459961,2536.459961,165839565,111.849854,179.479981
2017-07-01,2480.610107,2529.620117,2387.469971,2424.610107,2424.610107,160661673,-56,142.150146
2017-06-30,2558.370117,2576.280029,2469.540039,2480.610107,2480.610107,183878856,-77.76001,106.73999
2017-06-29,2577.73999,2605.860107,2526.51001,2558.370117,2558.370117,191733499,-19.369873,79.350097
2017-06-28,2583.75,2616.949951,2490.110107,2577.73999,2577.73999,279792448,-6.01001,126.839844
2017-06-27,2446.050049,2585.060059,2309.629883,2583.75,2583.75,381517099,137.699951,275.430176
2017-06-26,2541.620117,2584.75,2327.26001,2446.050049,2446.050049,401912134,-95.570068,257.48999
2017-06-25,2590.050049,2660.659912,2472.370117,2541.620117,2541.620117,220679135,-48.429932,188.289795
2017-06-24,2710.370117,2741.560059,2540.350098,2590.050049,2590.050049,228007287,-120.320068,201.209961
2017-06-23,2722.840088,2759.659912,2699.47998,2710.370117,2710.370117,155303414,-12.469971,60.179932
2017-06-22,2677.620117,2757.320068,2623.169922,2722.840088,2722.840088,210318780,45.219971,134.150146
2017-06-21,2754.379883,2804.409912,2624.350098,2677.620117,2677.620117,313234721,-76.759766,180.059814
2017-06-20,2616.820068,2800.47998,2613.97998,2754.379883,2754.379883,300034010,137.559815,186.5
2017-06-19,2539.560059,2617.75,2518.780029,2616.820068,2616.820068,210372750,77.260009,98.969971
2017-06-18,2655.100098,2676.040039,2488.590088,2539.560059,2539.560059,235239296,-115.540039,187.449951
2017-06-17,2508.580078,2690.709961,2454.810059,2655.100098,2655.100098,246698591,146.52002,235.899902
2017-06-16,2442.459961,2536.419922,2335.280029,2508.580078,2508.580078,286630757,66.120117,201.139893
2017-06-15,2467.27002,2521.600098,2125.560059,2442.459961,2442.459961,606264366,-24.810059,396.040039
2017-06-14,2712.98999,2803.719971,2348.98999,2467.27002,2467.27002,448294279,-245.71997,454.729981
2017-06-13,2656.77002,2784.77002,2647.439941,2712.98999,2712.98999,314476276,56.21997,137.330079
2017-06-12,2973.449951,2985.060059,2483.629883,2656.77002,2656.77002,585158909,-316.679931,501.430176
2017-06-11,2900.25,2977.860107,2867.25,2973.449951,2973.449951,241516660,73.199951,110.610107
2017-06-10,2811.429932,2914.189941,2807.360107,2900.25,2900.25,246869682,88.820068,106.829834
2017-06-09,2798.780029,2852.070068,2786.070068,2811.429932,2811.429932,189237110,12.649903,66
2017-06-08,2691.51001,2808.409912,2623.610107,2798.780029,2798.780029,260898606,107.270019,184.799805
2017-06-07,2870.5,2880.949951,2626.560059,2691.51001,2691.51001,340329903,-178.98999,254.389892
2017-06-06,2704.959961,2931.23999,2699.679932,2870.5,2870.5,538772473,165.540039,231.560058
2017-06-05,2524.060059,2705.379883,2523.919922,2704.959961,2704.959961,225611887,180.899902,181.459961
2017-06-04,2545.429932,2559.790039,2478.179932,2524.060059,2524.060059,149060810,-21.369873,81.610107
2017-06-03,2492.600098,2582.77002,2449.949951,2545.429932,2545.429932,177168595,52.829834,132.820069
2017-06-02,2412.649902,2493.969971,2385.590088,2492.600098,2492.600098,199765372,79.950196,108.379883
2017-06-01,2303.340088,2460.840088,2303.340088,2412.649902,2412.649902,290070431,109.309814,157.5
2017-05-31,2192.550049,2330.620117,2168.370117,2303.340088,2303.340088,261223035,110.790039,162.25
2017-05-30,2278.209961,2329.26001,2147.100098,2192.550049,2192.550049,270069146,-85.659912,182.159912
2017-05-29,2189.02002,2337.350098,2117.340088,2278.209961,2278.209961,204101576,89.189941,220.01001
2017-05-28,2052.429932,2300.52002,2051.070068,2189.02002,2189.02002,266766116,136.590088,249.449952
2017-05-27,2244.889893,2322.370117,1868.560059,2052.429932,2052.429932,446034004,-192.459961,453.810058
2017-05-26,2306.959961,2616.52002,2051.449951,2244.889893,2244.889893,441342711,-62.330078,565.070069
2017-05-25,2445.280029,2781.76001,2210.47998,2307.219971,2307.219971,622139030,-138.060058,571.28003
2017-05-24,2272.580078,2496.97998,2263.290039,2445.280029,2445.280029,353734030,172.699951,233.689941
2017-05-23,2124.409912,2286.300049,2110.780029,2272.580078,2272.580078,251969081,148.170166,175.52002
2017-05-22,2044.189941,2264.76001,1998.609985,2124.409912,2124.409912,373482496,80.219971,266.150025
2017-05-21,2040.180054,2094.939941,1980.069946,2044.189941,2044.189941,161036810,4.009887,114.869995
2017-05-20,1962,2048.449951,1944.400024,2040.180054,2040.180054,179346919,78.180054,104.049927
2017-05-19,1880.98999,1969.699951,1875.280029,1962,1962,191523926,81.01001,94.419922
2017-05-18,1801.300049,1980.48999,1791.119995,1880.98999,1880.98999,135901905,79.689941,189.369995
2017-05-17,1729.339966,1842.829956,1703.969971,1801.300049,1801.300049,170954154,71.960083,138.859985
2017-05-16,1708.920044,1752.550049,1653.719971,1729.339966,1729.339966,130379207,20.419922,98.830078
2017-05-15,1772.550049,1776.650024,1656.810059,1708.920044,1708.920044,138499150,-63.630005,119.839965
2017-05-14,1763.73999,1802.75,1736.130005,1772.550049,1772.550049,72874378,8.810059,66.619995
2017-05-13,1686.390015,1770.5,1594.589966,1763.73999,1763.73999,128390095,77.349975,175.910034
2017-05-12,1819.290039,1822.51001,1641.180054,1686.390015,1686.390015,192159873,-132.900024,181.329956
2017-05-11,1752.310059,1864.76001,1741.540039,1819.290039,1819.290039,198829123,66.97998,123.219971
2017-05-10,1697.5,1766.180054,1664.98999,1752.310059,1752.310059,156203600,54.810059,101.190064
2017-05-09,1664.469971,1757.390015,1619.969971,1697.5,1697.5,219169486,33.030029,137.420044
2017-05-08,1554.449951,1667.670044,1552.859985,1664.469971,1664.469971,174687869,110.02002,114.810059
2017-05-07,1545.290039,1572.890015,1495.180054,1554.449951,1554.449951,111708072,9.159912,77.709961
2017-05-06,1507.77002,1560.420044,1503.930054,1545.290039,1545.290039,92747185,37.520019,56.48999
2017-05-05,1516.76001,1588.109985,1485.01001,1507.77002,1507.77002,188015771,-8.98999,103.099975
2017-05-04,1485.550049,1609.839966,1437.109985,1516.76001,1516.76001,213084949,31.209961,172.729981
2017-05-03,1445.930054,1496.390015,1424.050049,1485.550049,1485.550049,122551707,39.619995,72.339966
2017-05-02,1415.810059,1471.140015,1394.829956,1445.930054,1445.930054,103342244,30.119995,76.310059
2017-05-01,1351.910034,1448.680054,1342.780029,1415.810059,1415.810059,144414038,63.900025,105.900025
2017-04-30,1336.280029,1358.939941,1309.660034,1351.910034,1351.910034,55470285,15.630005,49.279907
2017-04-29,1329.619995,1343.689941,1314.150024,1336.280029,1336.280029,55982468,6.660034,29.539917
2017-04-28,1332.910034,1356.150024,1287.619995,1329.619995,1329.619995,104536476,-3.290039,68.530029
2017-04-27,1286.630005,1346.790039,1285.300049,1332.910034,1332.910034,83319636,46.280029,61.48999
2017-04-26,1264.310059,1309.199951,1263,1286.630005,1286.630005,77649710,22.319946,46.199951
2017-04-25,1248.180054,1272.619995,1244.209961,1264.310059,1264.310059,56659016,16.130005,28.410034
2017-04-24,1249.140015,1256.359985,1234.859985,1248.180054,1248.180054,49281629,-0.959961,21.5
2017-04-23,1240.890015,1256.22998,1223.060059,1249.140015,1249.140015,54224355,8.25,33.169921
2017-04-22,1249.640015,1256.969971,1215.780029,1240.890015,1240.890015,55776932,-8.75,41.189942
2017-04-21,1238.089966,1256.969971,1235.560059,1249.640015,1249.640015,52498296,11.550049,21.409912
2017-04-20,1215.199951,1246.640015,1210.670044,1238.089966,1238.089966,69223360,22.890015,35.969971
2017-04-19,1206.089966,1218.209961,1194.079956,1215.199951,1215.199951,53034357,9.109985,24.130005
2017-04-18,1194.01001,1213.880005,1191.140015,1206.089966,1206.089966,64900219,12.079956,22.73999
2017-04-17,1176.800049,1202.969971,1172.810059,1194.01001,1194.01001,56095607,17.209961,30.159912
2017-04-16,1176.98999,1187.969971,1166.73999,1176.800049,1176.800049,22538918,-0.189941,21.229981
2017-04-15,1177.329956,1194.849976,841.530029,1176.98999,1176.98999,33877537,-0.339966,353.319947
2017-04-14,1176.199951,1195.400024,1162.160034,1177.329956,1177.329956,56129576,1.130005,33.23999
2017-04-13,1212.530029,1218.660034,1150.290039,1176.199951,1176.199951,78456422,-36.330078,68.369995
2017-04-12,1220.73999,1225.459961,1207.359985,1212.530029,1212.530029,54699396,-8.209961,18.099976
2017-04-11,1206.709961,1229.569946,1195.76001,1220.73999,1220.73999,45563707,14.030029,33.809936
2017-04-10,1204.339966,1214.869995,1194.810059,1206.709961,1206.709961,48473680,2.369995,20.059936
2017-04-09,1180.780029,1215.099976,1173.98999,1204.339966,1204.339966,54498333,23.559937,41.109986
2017-04-08,1190.48999,1198.219971,1166.650024,1180.780029,1180.780029,39393003,-9.709961,31.569947
2017-04-07,1188.699951,1201.22998,1173.180054,1190.48999,1190.48999,71184485,1.790039,28.049926
,,,,,,,,
2017-04-05,1141.77002,1143.839966,1110.060059,1129.869995,1129.869995,78335573,-11.900025,33.779907
2017-04-04,1147.560059,1161.189941,1122.150024,1141.77002,1141.77002,81164094,-5.790039,39.039917
2017-04-03,1097.400024,1157.869995,1095.550049,1147.560059,1147.560059,111870807,50.160035,62.319946
2017-04-02,1086.119995,1109.47998,1074.209961,1097.400024,1097.400024,77853933,11.280029,35.270019
2017-04-01,1079.109985,1103.73999,1067.469971,1086.119995,1086.119995,55020078,7.01001,36.270019
2017-03-31,1037.910034,1088.199951,1035.180054,1079.109985,1079.109985,96543920,41.199951,53.019897
2017-03-30,1041.900024,1052.660034,1020.929993,1037.910034,1037.910034,77633883,-3.98999,31.730041
2017-03-29,1044.420044,1058.660034,1008.340027,1041.900024,1041.900024,71261535,-2.52002,50.320007
2017-03-28,1045.140015,1068.410034,1015.450012,1044.420044,1044.420044,83567551,-0.719971,52.960022
2017-03-27,969.440002,1048.849976,961.799988,1045.140015,1045.140015,92332221,75.700013,87.049988
2017-03-26,966.299988,1004.320007,946.650024,969.440002,969.440002,83255983,3.140014,57.669983
2017-03-25,939.700012,995.960022,890.429993,966.299988,966.299988,118395054,26.599976,105.530029
2017-03-24,1035.030029,1038.380005,927.349976,939.700012,939.700012,130042865,-95.330017,111.030029
2017-03-23,1044.719971,1062.790039,1022.02002,1035.030029,1035.030029,58898141,-9.689942,40.770019
2017-03-22,1121.290039,1121.880005,997.780029,1044.719971,1044.719971,120730492,-76.570068,124.099976
2017-03-21,1047.51001,1125.530029,1043.869995,1121.290039,1121.290039,101051998,73.780029,81.660034
2017-03-20,1022.599976,1057.5,1005.049988,1047.51001,1047.51001,63833143,24.910034,52.450012
2017-03-19,971.380005,1063.670044,967.309998,1022.599976,1022.599976,108128237,51.219971,96.360046
2017-03-18,1071.709961,1103.609985,940.179993,971.380005,971.380005,212772055,-100.329956,163.429992
2017-03-17,1172.880005,1174.900024,1063.47998,1071.709961,1071.709961,183879768,-101.170044,111.420044
2017-03-16,1253.430054,1260.23999,1118.959961,1172.880005,1172.880005,159409024,-80.550049,141.280029
2017-03-15,1243.140015,1256.949951,1236.430054,1253.430054,1253.430054,54486699,10.290039,20.519897
2017-03-14,1238.189941,1255.52002,1218.380005,1243.140015,1243.140015,56058617,4.950074,37.140015
2017-03-13,1225.109985,1245.630005,1205.609985,1238.189941,1238.189941,74376298,13.079956,40.02002
2017-03-12,1179.219971,1235.459961,1160.900024,1225.109985,1225.109985,53441762,45.890014,74.559937
2017-03-11,1112.390015,1202.689941,1104.780029,1179.219971,1179.219971,82387198,66.829956,97.909912
2017-03-10,1191.329956,1330.420044,988.690002,1112.390015,1112.390015,223836041,-78.939941,341.730042
2017-03-09,1146.969971,1206.969971,1129.349976,1191.329956,1191.329956,70427061,44.359985,77.619995
2017-03-08,1232.689941,1242.040039,1136.880005,1146.969971,1146.969971,116342973,-85.71997,105.160034
2017-03-07,1277.01001,1280.890015,1148.660034,1232.689941,1232.689941,108673876,-44.320069,132.229981
2017-03-06,1271.219971,1280.609985,1261,1277.01001,1277.01001,39591110,5.790039,19.609985
2017-03-05,1264.319946,1273.280029,1242.099976,1271.219971,1271.219971,32104972,6.900025,31.180053
2017-03-04,1283.300049,1285.780029,1228.72998,1264.319946,1264.319946,48597934,-18.980103,57.050049
2017-03-03,1255.469971,1291.349976,1250.800049,1283.300049,1283.300049,85876262,27.830078,40.549927
2017-03-02,1222.660034,1286.97998,1211.959961,1255.469971,1255.469971,98040639,32.809937,75.020019
2017-03-01,1189.27002,1225.040039,1154.550049,1222.660034,1222.660034,61964760,33.390014,70.48999
2017-02-28,1188.829956,1208.219971,1175.75,1189.27002,1189.27002,60371869,0.440064,32.469971
2017-02-27,1171.579956,1195.819946,1164.27002,1188.829956,1188.829956,42035366,17.25,31.549926
2017-02-26,1149.050049,1177.469971,1130.609985,1171.579956,1171.579956,35750258,22.529907,46.859986
2017-02-25,1176.48999,1180.01001,1116.209961,1149.050049,1149.050049,53003830,-27.439941,63.800049
2017-02-24,1171.910034,1211.73999,1092.410034,1176.48999,1176.48999,126978010,4.579956,119.329956
2017-02-23,1120.459961,1181.599976,1113.540039,1171.910034,1171.910034,75663167,51.450073,68.059937
2017-02-22,1119.030029,1132.25,1094.829956,1120.459961,1120.459961,53647453,1.429932,37.420044
2017-02-21,1077.560059,1123.030029,1073.540039,1119.030029,1119.030029,62908569,41.46997,49.48999
2017-02-20,1048.890015,1081.780029,1040.98999,1077.560059,1077.560059,32959720,28.670044,40.790039
2017-02-19,1052.280029,1056.47998,1037.670044,1048.890015,1048.890015,18876881,-3.390014,18.809936
2017-02-18,1049.410034,1063.209961,1044.680054,1052.280029,1052.280029,26856521,2.869995,18.529907
2017-02-17,1031.930054,1057.390015,1025.869995,1049.410034,1049.410034,47815360,17.47998,31.52002
2017-02-16,1008.190002,1040.280029,1007.390015,1031.930054,1031.930054,39114743,23.740052,32.890014
2017-02-15,1008.340027,1010.929993,999.72998,1008.190002,1008.190002,23569549,-0.150025,11.200013
2017-02-14,995.359985,1013.799988,986.460022,1008.340027,1008.340027,39810076,12.980042,27.339966
2017-02-13,996.52002,1007.609985,975.099976,995.359985,995.359985,32785064,-1.160035,32.510009
2017-02-12,1008.320007,1009.820007,992.450012,996.52002,996.52002,14825023,-11.799987,15.369995
2017-02-11,997.609985,1014.320007,983.929993,1008.320007,1008.320007,28504495,10.710022,30.390014
2017-02-10,978.960022,1005.599976,947.02002,997.609985,997.609985,60639111,18.649963,58.579956
2017-02-09,1055.48999,1073.030029,924.650024,978.960022,978.960022,145839317,-76.529968,148.380005
2017-02-08,1049.560059,1069.22998,1020.330017,1055.48999,1055.48999,68336320,5.929931,48.899963
2017-02-07,1024.670044,1054.099976,1019.869995,1049.560059,1049.560059,41318349,24.890015,34.229981
2017-02-06,1016.109985,1030.599976,1010.830017,1024.670044,1024.670044,32828350,8.560059,19.769959
2017-02-05,1031.849976,1033.660034,1004.049988,1016.109985,1016.109985,31669956,-15.739991,29.610046
2017-02-04,1013.02002,1041.040039,1000.409973,1031.849976,1031.849976,40406542,18.829956,40.630066
2017-02-03,1003.969971,1023.719971,989.210022,1013.02002,1013.02002,62431017,9.050049,34.509949
2017-02-02,982.429993,1009.130005,973.5,1003.969971,1003.969971,50633910,21.539978,35.630005
2017-02-01,965.48999,986.570007,959.820007,982.429993,982.429993,44035816,16.940003,26.75
2017-01-31,920.72998,967.450012,917.380005,965.48999,965.48999,51869216,44.76001,50.070007
2017-01-30,914.549988,922.349976,911.51001,920.72998,920.72998,17604172,6.179992,10.839966
2017-01-29,918.51001,922.400024,912.679993,914.549988,914.549988,10214368,-3.960022,9.720031
2017-01-28,918.01001,921.890015,912.840027,918.51001,918.51001,13251844,0.5,9.049988
2017-01-27,915.559998,922.559998,907.919983,918.01001,918.01001,28503144,2.450012,14.640015
2017-01-26,894.409973,919.320007,893.48999,915.559998,915.559998,30795685,21.150025,25.830017
2017-01-25,893.75,905.700012,883.630005,894.409973,894.409973,34014866,0.659973,22.070007
2017-01-24,921.460022,925.609985,889.150024,893.75,893.75,53468911,-27.710022,36.459961
2017-01-23,918.840027,927.97998,910.849976,921.460022,921.460022,30261054,2.619995,17.130004
2017-01-22,919.840027,938.380005,888.619995,918.840027,918.840027,44074299,-1,49.76001
2017-01-21,892.909973,928.929993,889.460022,919.840027,919.840027,37129176,26.930054,39.469971
2017-01-20,895.210022,901.48999,878.900024,892.909973,892.909973,34847130,-2.300049,22.589966
2017-01-19,872.030029,905.280029,870.710022,895.210022,895.210022,52300814,23.179993,34.570007
2017-01-18,899.659973,913.669983,845.869995,872.030029,872.030029,61042392,-27.629944,67.799988
2017-01-17,827.340027,906.380005,825.039978,899.659973,899.659973,72272727,72.319946,81.340027
2017-01-16,821.169983,836.659973,817.700012,827.340027,827.340027,27592899,6.170044,18.959961
2017-01-15,819.630005,826.429993,808.630005,821.169983,821.169983,20004735,1.539978,17.799988
2017-01-14,824.830017,838.900024,808.27002,819.630005,819.630005,36594482,-5.200012,30.630004
2017-01-13,810.109985,835.049988,771,824.830017,824.830017,72555875,14.720032,64.049988
2017-01-12,785.429993,828.210022,739.549988,810.109985,810.109985,93986701,24.679992,88.660034
2017-01-11,904.369995,917.650024,751.630005,785.429993,785.429993,160194109,-118.940002,166.020019
2017-01-10,899.780029,911.320007,890.119995,904.369995,904.369995,48644106,4.589966,21.200012
2017-01-09,900.859985,910.469971,870.909973,899.780029,899.780029,55963281,-1.079956,39.559998
2017-01-08,888.869995,936.130005,875.849976,900.859985,900.859985,70298340,11.98999,60.280029
2017-01-07,886.159973,900.859985,806.659973,888.869995,888.869995,113037531,2.710022,94.200012
2017-01-06,989.349976,1027.420044,852.549988,886.159973,886.159973,179160668,-103.190003,174.870056
2017-01-05,1135.410034,1150.630005,874.530029,989.349976,989.349976,244839289,-146.060058,276.099976
2017-01-04,1033.300049,1148.540039,1022.320007,1135.410034,1135.410034,170584623,102.109985,126.220032
2017-01-03,1017.049988,1035.469971,1006.530029,1033.300049,1033.300049,56085870,16.250061,28.939942
2017-01-02,995.440002,1031.680054,990.200012,1017.049988,1017.049988,66038073,21.609986,41.480042
2017-01-01,963.380005,1001.609985,956.099976,995.440002,995.440002,40570922,32.059997,45.510009