Date,Bitstamp,Coinbase,Gemini,Kraken
2019-03-01,3795.33,3791.69,3791.8,3790.5
2019-02-28,3788.8,3799.92,3790,3799.1
2019-02-27,3798.47,3799.48,3800,3796.2
2019-02-26,3795.06,3818.79,3799.99,3819.8
2019-02-25,3820.71,3734.22,3820.26,3732.2
2019-02-24,3730.68,4110,3732.48,4113.3
2019-02-23,4113.53,3942.02,4110.99,3940.5
2019-02-22,3939.82,3897.71,3946.56,3897.1
2019-02-21,3900.4,3938.99,3901.59,3942
2019-02-20,3936.53,3888.01,3941.16,3888.1
2019-02-19,3888.46,3867,3892.03,3870.7
2019-02-18,3869.8,3625.08,3866.99,3625.1
2019-02-17,3625.6,3582.37,3626.7,3580.1
2019-02-16,3579.92,3566.59,3582.3,3567.4
2019-02-15,3566.29,3561.5,3567.12,3562.3
2019-02-14,3560.46,3576.68,3562.29,3574
2019-02-13,3574.93,3588.06,3576.48,3588.9
2019-02-12,3585.94,3590.36,3588.61,3591.7
2019-02-11,3588.7,3648.85,3588.58,3647.1
2019-02-10,3650.37,3623.73,3647.21,3625.7
2019-02-09,3622.62,3622,3624.11,3622
2019-02-08,3622.94,3359,3622.59,3360.3
2019-02-07,3359.33,3367.36,3359.99,3367.4
2019-02-06,3364.62,3428.4,3366.83,3429.5
2019-02-05,3431.39,3409.57,3429.98,3413.9
2019-02-04,3410.87,3414.78,3411.47,3415.2
2019-02-03,3414.82,3468.43,3415.99,3466
2019-02-02,3462.82,3437.5,3469.06,3437.2
2019-02-01,3434.83,3411.49,3441.87,3409.6
2019-01-31,3413.11,3437.55,3412.1,3435.4
2019-01-30,3437.35,3397.42,3436.11,3395
2019-01-29,3390.5,3429.95,3395.49,3431
2019-01-28,3429.5,3531.01,3429.7,3533.4
2019-01-27,3533.23,3556.07,3529.63,3556.2
2019-01-26,3555.56,3562.18,3558.19,3560.1
2019-01-25,3560,3568.97,3561,3571.3
2019-01-24,3570.73,3553.01,3570.25,3556.1
2019-01-23,3552.32,3577.03,3553.02,3575.8
2019-01-22,3576.81,3531.76,3577.24,3533.4
2019-01-21,3531.51,3536.19,3532.25,3530.6
2019-01-20,3536.72,3682.65,3533.49,3683
2019-01-19,3681,3607.85,3687,3612.2
2019-01-18,3609.21,3640.65,3608,3644
2019-01-17,3638.01,3609.71,3641.4,3606.6
2019-01-16,3605.91,3580.76,3604.57,3587
2019-01-15,3576.93,3664.19,3583.47,3664.8
2019-01-14,3664.28,3514.24,3662.89,3512.6
2019-01-13,3515.95,3619.41,3514.08,3616.5
2019-01-12,3617.13,3635.69,3618.82,3635.1
2019-01-11,3632.02,3626.12,3637.28,3623.5
2019-01-10,3627.51,4004.12,3626.76,3999.9
2019-01-09,4002.13,3993.86,4000.67,3992.9
2019-01-08,3994.9,4006.01,3992.24,4005.3
2019-01-07,4005.45,4040.99,4007.47,4041.1
2019-01-06,4040.71,3798.62,4041.01,3796.6
2019-01-05,3791.84,3820.25,3797.41,3823.7
2019-01-04,3817.71,3787.57,3821.47,3786.5
2019-01-03,3787.81,3890.79,3786.91,3886.2
2019-01-02,3885.87,3826.09,3890.45,3820.1
2019-01-01,3823.44,3691.86,3823.63,3691.9
2018-12-31,3693.3,3829,3692.35,3832.4
2018-12-30,3835.79,3729.31,3826.96,3725
2018-12-29,3725.48,3888.06,3729.57,3890.5
2018-12-28,3884.97,3589.89,3889.2,3588.6
2018-12-27,3591.69,3809.88,3588.67,3808.2
2018-12-26,3810.01,3780,3808.85,3778.5
2018-12-25,3779.99,4034,3777.97,4033.6
2018-12-24,4036,3944.93,4036,3940.2
2018-12-23,3943.83,3980.46,3948.58,3981.3
2018-12-22,3980.9,3839.06,3979.35,3838.5
2018-12-21,3841.08,4075.34,3839.06,4074.4
2018-12-20,4073.77,3682.51,4077.29,3683.6
2018-12-19,3684.5,3667.77,3683.97,3669.1
2018-12-18,3667.16,3496.82,3667.82,3502
2018-12-17,3496.73,3195,3502.84,3189.7
2018-12-16,3193.78,3183,3193,3180.1
2018-12-15,3179.54,3195.71,3184.06,3194.9
2018-12-14,3195.75,3265,3195.43,3260
2018-12-13,3262.73,3430.24,3265.44,3435.2
2018-12-12,3430.18,3355.68,3431.89,3360.9
2018-12-11,3355.86,3410.15,3356.01,3408
2018-12-10,3408,3531.18,3411.6,3539.5
2018-12-09,3529.75,3401,3529.66,3396.9
2018-12-08,3398.8,3380.01,3394.5,3379.3
2018-12-07,3380.68,3433.26,3377.83,3435.5
2018-12-06,3437.26,3694.39,3436.54,3694.3
2018-12-05,3696.69,3901.84,3691.92,3904.7
2018-12-04,3903.52,3833.47,3903.94,3832.7
2018-12-03,3834.34,4103.19,3835.01,4101.9
2018-12-02,4102.05,4142.01,4101.25,4138.4
2018-12-01,4140.39,3975.48,4141.59,3963.6
2018-11-30,3971.06,4248,3984.01,4241.9
2018-11-29,4249.8,4225.03,4240.53,4219.8
2018-11-28,4220.16,3775,4223.69,3770.7
2018-11-27,3771.01,3731.32,3771.43,3727.1
2018-11-26,3727.34,3936.69,3730.44,3932.9
2018-11-25,3938.89,3774.99,3933.57,3780
2018-11-24,3785.65,4283.8,3789.99,4286.4
2018-11-23,4288.26,4263.66,4288.25,4262.6
2018-11-22,4275.23,4545.11,4263.29,4548.2
2018-11-21,4538.01,4349.23,4546.67,4361.4
2018-11-20,4352,4733.5,4355.22,4741.2
2018-11-19,4735.44,5560,4733.82,5560.9
2018-11-18,5559.26,5504.17,5560.42,5499.3
2018-11-17,5503.36,5512.24,5503.64,5514.4
2018-11-16,5508.71,5579.52,5515.77,5570.6
2018-11-15,5585,5605.46,5572.71,5600.9
2018-11-14,5595.91,6259.35,5606.38,6260
2018-11-13,6260.91,6327.86,6258.26,6327.3
2018-11-12,6318,6357.6,6326.27,6358.2
2018-11-11,6357.54,6347.42,6360.98,6349
2018-11-10,6349.32,6334.89,6350.23,6335.4
2018-11-09,6325,6406.25,6335,6408.8
2018-11-08,6405.49,6503.12,6405.88,6503.3
2018-11-07,6501,6448.5,6501.5,6451.3
2018-11-06,6447.5,6404,6448.41,6405.9
2018-11-05,6403.2,6423.28,6403.38,6419.9
2018-11-04,6421.76,6331.96,6425.09,6331.4
2018-11-03,6335,6349.8,6332.46,6346.2
2018-11-02,6350.43,6343.99,6350.98,6339.9
2018-11-01,6340.99,6304.18,6344.3,6307.5
2018-10-31,6303.27,6267.63,6305.58,6275
2018-10-30,6269.46,6266,6270.43,6266.3
2018-10-29,6266.52,6403.62,6263.67,6408.1
2018-10-28,6405.57,6409.12,6404.8,6410.4
2018-10-27,6407.66,6404.87,6410.01,6409.3
2018-10-26,6406.1,6395.58,6401.09,6393
2018-10-25,6393.53,6415.97,6389.7,6413.9
2018-10-24,6411.96,6395.14,6412,6394.4
2018-10-23,6393.41,6407.65,6395.25,6409.6
2018-10-22,6406.06,6415.88,6407.43,6410
2018-10-21,6413.38,6414,6412.64,6412.3
2018-10-20,6412.86,6382.98,6413.23,6384.2
2018-10-19,6383.46,6394.96,6386.29,6395.4
2018-10-18,6396.18,6443.7,6391.01,6442.5
2018-10-17,6437.29,6422.16,6439,6430
2018-10-16,6426.71,6436.98,6428.43,6438.4
2018-10-15,6441.74,6183.49,6437.66,6181.8
2018-10-14,6183,6196,6181.54,6197.9
2018-10-13,6199.69,6188.01,6195,6192.2
2018-10-12,6185.15,6154.69,6202.22,6150.1
2018-10-11,6152.76,6524.56,6153.83,6530.5
2018-10-10,6517.55,6589.48,6529.75,6585.1
2018-10-09,6588.8,6608.07,6593.48,6610
2018-10-08,6604.75,6570,6600,6570.5
2018-10-07,6577.63,6552.43,6573.17,6550
2018-10-06,6544.08,6593.94,6545.49,6580.1
2018-10-05,6582.12,6547.45,6581.37,6547.4
2018-10-04,6547.56,6466.03,6549.03,6463.9
2018-10-03,6456.77,6498.46,6465.97,6500
2018-10-02,6500,6572.83,6498.88,6572.6
2018-10-01,6571.2,6605,6573.94,6604.1
2018-09-30,6597.81,6582,6597.94,6582.7
2018-09-29,6579.38,6620.01,6580.22,6622.3
2018-09-28,6610.76,6680.01,6621.37,6683.8
2018-09-27,6681.62,6455.66,6682.87,6453.5
2018-09-26,6461.51,6436.89,6455.44,6435
2018-09-25,6428.99,6582.09,6433.42,6579.2
2018-09-24,6581.52,6696.99,6577.78,6700
2018-09-23,6702.22,6707.33,6702.64,6717
2018-09-22,6710.01,6750,6710.26,6755.3
2018-09-21,6749.45,6493.11,6759.51,6491.2
2018-09-20,6492.98,6386.94,6495.87,6392.1
2018-09-19,6388.4,6335.7,6383.42,6330.5
2018-09-18,6332.34,6250.7,6339.92,6250
2018-09-17,6254.52,6498,6251.56,6497.9
2018-09-16,6499.98,6518.68,6498.37,6520
2018-09-15,6520.15,6478.04,6530.08,6482.9
2018-09-14,6476.51,6485.99,6523.38,6487.1
2018-09-13,6485.7,6326,6485,6319.5
2018-09-12,6322.45,6282.53,6324.13,6282.3
2018-09-11,6279.99,6299.99,6278.84,6304.5
2018-09-10,6301.99,6235.01,6300,6230.9
2018-09-09,6236.04,6188,6243.21,6183.2
2018-09-08,6178.31,6395.01,6185.27,6397.6
2018-09-07,6400,6495,6395.85,6494.8
2018-09-06,6493.09,6687.96,6496.37,6686.6
2018-09-05,6679.3,7360,6688.01,7359.3
2018-09-04,7361,7256.98,7354.92,7256.1
2018-09-03,7258.99,7295,7252.41,7294.7
2018-09-02,7290.31,7191.08,7284.57,7191.3
2018-09-01,7185.01,7015.01,7196.18,7015.8
2018-08-31,7017.35,6983,7017.1,6983.1
2018-08-30,6984.01,7030.9,6977.96,7022.7
2018-08-29,7032.96,7071.01,7033.83,7076.7
2018-08-28,7080.94,6911.9,7075.1,6909
2018-08-27,6904.51,6709.98,6909,6710
2018-08-26,6700.46,6737.52,6706.31,6732.3
2018-08-25,6732.4,6690.88,6730.95,6693.3
2018-08-24,6692.94,6526.36,6692,6527.2
2018-08-23,6525.01,6359.99,6524.17,6359.8
2018-08-22,6355.76,6475.9,6350,6475.5
2018-08-21,6479.27,6258.74,6476.53,6257.2
2018-08-20,6260.82,6489.53,6258.36,6475.1
2018-08-19,6481.99,6396.64,6491.5,6400
2018-08-18,6399.28,6585.49,6389.99,6589.2
2018-08-17,6580.15,6315.9,6580.76,6316
2018-08-16,6313.51,6269.01,6313.83,6269.5
2018-08-15,6272.3,6195.01,6269.74,6196.8
2018-08-14,6193.62,6253.67,6196.17,6250
2018-08-13,6252.63,6112.21,6257.31,6087.6
2018-08-12,6106.72,6112.21,6091.87,6087.6
2018-08-11,6106.72,6146.01,6091.87,6141.5
2018-08-10,6139.99,6546.46,6109.19,6536
2018-08-09,6543.76,6282.5,6540.47,6275.9
2018-08-08,6283.59,6718.22,6274.5,6717.8
2018-08-07,6717.68,6938,6720.18,6935.7
2018-08-06,6936.11,7030.01,6931.59,7026.9
2018-08-05,7032.61,7005,7032.06,7024.5
2018-08-04,7009.99,7414.08,7014.55,7415
2018-08-03,7416.98,7533.92,7413.7,7534.8
2018-08-02,7536.37,7603.99,7536,7604.1
2018-08-01,7602.01,7727.27,7602.14,7726
2018-07-31,7725.43,8170.01,7725.05,8170
2018-07-30,8160.21,8216.34,8166.86,8213.5
2018-07-29,8216.74,8228.9,8216.06,8230.8
2018-07-28,8237.74,8184.21,8234.98,8177
2018-07-27,8183.05,7931.99,8192.21,7925
2018-07-26,7926,8157.15,7926.36,8166
2018-07-25,8174.06,8401.01,8160,8401.8
2018-07-24,8403.83,7720.09,8400.73,7720
2018-07-23,7719.62,7397.8,7713.62,7401.1
2018-07-22,7396.6,7408,7400.37,7396.7
2018-07-21,7409.92,7334.46,7408.79,7320
2018-07-20,7330.84,7470.01,7334.8,7472.3
2018-07-19,7471.42,7378.99,7466.58,7367.4
2018-07-18,7374.88,7315.01,7378.55,7316.9
2018-07-17,7310.71,6728.81,7322.78,6727
2018-07-16,6721.04,6348.73,6729.22,6335.4
2018-07-15,6349.3,6248.65,6347.99,6250.4
2018-07-14,6243.98,6216.29,6250.02,6214.9
2018-07-13,6215.59,6249.75,6203.79,6242.5
2018-07-12,6243.88,6390.04,6249.75,6377.9
2018-07-11,6380,6303.7,6380,6304.6
2018-07-10,6299.46,6664.01,6299,6662.5
2018-07-09,6666.75,6701.97,6666,6704.7
2018-07-08,6706.6,6753.28,6700.88,6755.1
2018-07-07,6759.99,6600,6754.14,6595.4
2018-07-06,6596.53,6532.95,6582.51,6526.2
2018-07-05,6533.69,6587.47,6529.47,6584.2
2018-07-04,6584.25,6502.62,6583.72,6495.5
2018-07-03,6507.99,6611.79,6508.36,6617.7
2018-07-02,6612.98,6349.5,6615.13,6345.8
2018-07-01,6349.99,6383.19,6345.53,6387.9
2018-06-30,6385.71,6202.36,6389.01,6196.9
2018-06-29,6204.24,5851.66,6202.49,5858.6
2018-06-28,5848.33,6132.17,5850.13,6134.2
2018-06-27,6135.64,6074.94,6135.8,6081.3
2018-06-26,6068,6246.01,6060.01,6245.5
2018-06-25,6253.61,6149.99,6242.53,6150.1
2018-06-24,6153.4,6178.29,6149.99,6154.1
2018-06-23,6177.38,6059.82,6172.55,6055.5
2018-06-22,6050.45,6719.01,6076.88,6716.1
2018-06-21,6718.33,6756.1,6717.88,6755.4
2018-06-20,6756.58,6736.41,6758.31,6740.2
2018-06-19,6736.52,6709.02,6740.96,6706.6
2018-06-18,6707.5,6447.16,6711.16,6440.8
2018-06-17,6453.41,6484.29,6444.35,6481.4
2018-06-16,6487.92,6391.22,6486.86,6387.6
2018-06-15,6390.6,6638.49,6388.98,6640.7
2018-06-14,6646.1,6302.32,6639.66,6294.2
2018-06-13,6307.4,6544.99,6297.7,6547.2
2018-06-12,6557.67,6881,6550,6877
2018-06-11,6880.61,6770.31,6878,6767.9
2018-06-10,6781.17,7496.4,6770,7495.1
2018-06-09,7492.7,7618.8,7501.64,7611.9
2018-06-08,7618.11,7684.93,7647.08,7679.4
2018-06-07,7689.28,7655,7691.26,7659.8
2018-06-06,7658.57,7612.51,7657.92,7622
2018-06-05,7617.98,7487.37,7610,7495.5
2018-06-04,7488.26,7706.37,7500,7716.8
2018-06-03,7703.67,7636.42,7709.99,7636.1
2018-06-02,7642,7514.32,7643.52,7504.2
2018-06-01,7511.6,7485,7521.01,7485.6
2018-05-31,7492.28,7380.01,7484.84,7374.9
2018-05-30,7375.73,7460,7387.88,7462.6
2018-05-29,7469.45,7107.94,7460,7102.6
2018-05-28,7112.5,7346.64,7098.11,7325.9
2018-05-27,7347.39,7337.95,7349.12,7330
2018-05-26,7335.99,7459.11,7333.2,7466
2018-05-25,7471.18,7584.15,7462.65,7572
2018-05-24,7586.88,7505,7572.49,7500.3
2018-05-23,7502.89,7987.7,7497.47,7989.1
2018-05-22,7984.08,8393.44,7985.77,8390.8
2018-05-21,8391.76,8516.86,8395.71,8518.9
2018-05-20,8518.48,8235.6,8515.17,8233.8
2018-05-19,8231.2,8238.51,8240.01,8231.9
2018-05-18,8248.87,8059,8230,8064
2018-05-17,8067.03,8344,8060.01,8344.9
2018-05-16,8346.59,8477.46,8344.94,8462.8
2018-05-15,8474.99,8670,8475.58,8660.8
2018-05-14,8674.36,8686.1,8682.73,8698.2
2018-05-13,8696.58,8475,8685.5,8479
2018-05-12,8481.6,8403.33,8466.31,8407.8
2018-05-11,8411.42,9010.51,8398.44,9011
2018-05-10,9020.99,9300.08,9017.58,9305.4
2018-05-09,9308.49,9177.81,9308.45,9172.7
2018-05-08,9167.69,9353,9181.42,9360.6
2018-05-07,9359.52,9600,9361.96,9604.9
2018-05-06,9623.54,9800,9599.88,9795
2018-05-05,9823.28,9685,9812.81,9688.9
2018-05-04,9696.57,9725.74,9691.37,9735.9
2018-05-03,9732.43,9190.48,9727.5,9217.1
2018-05-02,9222,9072.29,9211.7,9081.3
2018-05-01,9066.9,9243.83,9059.84,9243.2
2018-04-30,9242.17,9389.01,9244.38,9411.2
2018-04-29,9393.99,9329.99,9393.29,9339.2
2018-04-28,9345.11,8922.55,9343.83,8917.8
2018-04-27,8921.43,9272.11,8926,9291.4
2018-04-26,9274.48,8865.98,9281.95,8855.7
2018-04-25,8864.99,9648,8865.01,9661.7
2018-04-24,9648,8931.3,9649.99,8954.1
2018-04-23,8946.95,8795.01,8933,8811.8
2018-04-22,8789.96,8915.42,8800,8944.6
2018-04-21,8920.71,8866.27,8920,8875
2018-04-20,8861,8274,8855.49,8275.7
2018-04-19,8271.31,8152.05,8269.3,8170
2018-04-18,8172.84,7892.1,8167,7893.1
2018-04-17,7890.87,8048.93,7894,8057.1
2018-04-16,8048.15,8355.25,8052.27,8363.3
2018-04-15,8354.22,8003.11,8357.43,8004.9
2018-04-14,8000.41,7893.19,7998.07,7882.5
2018-04-13,7896.92,7916,7875.94,7919.9
2018-04-12,7923.78,6942.99,7920.39,6941
2018-04-11,6940.94,6824.99,6939.43,6830
2018-04-10,6835.67,6771.13,6830.68,6773.4
2018-04-09,6780.1,7020.01,6771.01,7014.5
2018-04-08,7027.26,6894.01,7022.72,6893.1
2018-04-07,6904.9,6619.01,6895.99,6616.2
2018-04-06,6618.33,6785.85,6564.06,6763.5
2018-04-05,6771.69,6791.68,6777,6790.4
2018-04-04,6799.95,7424.9,6794.31,7414.8
2018-04-03,7416.27,7045.01,7418.53,7054.7
2018-04-02,7052.76,6816.01,7049.99,6810
2018-04-01,6813.52,6928.5,6811.02,6911.1
2018-03-31,6928.62,6848.01,6920.5,6804
2018-03-30,6850,7079.99,6838.71,7080.1
2018-03-29,7088.38,7942.72,7086.6,7943.3
2018-03-28,7932.41,7793.61,7941.87,7786.7
2018-03-27,7791.7,8145,7794.46,8137.8
2018-03-26,8149.66,8453,8149.46,8444.4
2018-03-25,8453.9,8531.34,8457.04,8530
2018-03-24,8547,8927.1,8540.33,8916.8
2018-03-23,8920.79,8715.09,8925,8711.5
2018-03-22,8704.67,8891.81,8710.44,8880
2018-03-21,8893.79,8900,8902.53,8912
2018-03-20,8904.02,8589.01,8904.23,8610.2
2018-03-19,8596.93,8192,8599.01,8183.2
2018-03-18,8188.24,7857.6,8197.29,7843.4
2018-03-17,7860.83,8275,7870.99,8251
2018-03-16,8258.54,8259.99,8265.81,8248.6
2018-03-15,8265.05,8207.02,8266.99,8174.2
2018-03-14,8196.69,9145.41,8198.82,9141.3
2018-03-13,9142.32,9120,9146.18,9102.8
2018-03-12,9120.75,9533.88,9105,9526.2
2018-03-11,9535.04,8795.44,9530.94,8752
2018-03-10,8791.47,9255,8769.2,9244.5
2018-03-09,9230,9304.89,9257,9279.9
2018-03-08,9285.32,9925,9295.77,9903
2018-03-07,9913.03,10700,9884.26,10731.5
2018-03-06,10723.76,11377.54,10696.87,11433.9
2018-03-05,11419.24,11469.9,11400.01,11512.1
2018-03-04,11463.27,11432.5,11467.19,11428
2018-03-03,11445,11000,11433.72,11031.3
2018-03-02,11029.99,10895.92,11027.77,10920
2018-03-01,10903.13,10307.27,10900.95,10310
2018-02-28,10314.9,10566.57,10296.86,10551
2018-02-27,10566.3,10300,10562.46,10322.1
2018-02-26,10324.7,9597.99,10300,9580
2018-02-25,9590.04,9688.62,9595,9688
2018-02-24,9689.99,10144.99,9697.21,10157.7
2018-02-23,10166.1,9830,10161.62,9840.2
2018-02-22,9843.34,10454.27,9829.96,10468.1
2018-02-21,10449.4,11235.57,10475,11242.3
2018-02-20,11233.41,11140,11206.22,11165.1
2018-02-19,11173,10380.04,11166.92,10430
2018-02-18,10421.06,11121.5,10403.01,11100
2018-02-17,11101,10167.49,11100,10188.5
2018-02-16,10196,10031.23,10183.63,10037
2018-02-15,10018,9472.98,10017.18,9489.7
2018-02-14,9490.98,8520.01,9480.27,8517.7
2018-02-13,8522.99,8872.28,8519.07,8906.3
2018-02-12,8899,8072.99,8900,8056.1
2018-02-11,8067,8547.49,8073.9,8555.7
2018-02-10,8560,8671.01,8553.5,8680.1
2018-02-09,8693.98,8218.1,8697.78,8231
2018-02-08,8259.76,7575.75,8200,7559
2018-02-07,7588.01,7688.46,7582.76,7677
2018-02-06,7737.37,6905.19,7682.75,6843.7
2018-02-05,6874.27,8167.9,6892.67,8130.2
2018-02-04,8191,9240,8162.94,9167.9
2018-02-03,9225.86,8787.52,9221.14,8772.6
2018-02-02,8838.83,9010.61,8845.07,9037.6
2018-02-01,8998.99,10099.99,9000.73,10101.6
2018-01-31,10149,9995,10112.6,9979.8
2018-01-30,9971,11123.01,10007.42,11150
2018-01-29,11162.62,11536,11130.34,11629.9
2018-01-28,11685.58,11319,11633.11,11386
2018-01-27,11446.54,11086.89,11372.85,11080.8
2018-01-26,11092.95,11118,11091.99,11159.3
2018-01-25,11155.54,11356.79,11114,11419.8
2018-01-24,11400.96,10824.94,11346.58,10849.9
2018-01-23,10851.82,10766.7,10820.81,10811.3
2018-01-22,10808.99,11518.16,10780,11556
2018-01-21,11558.87,12762.8,11501,12845.9
2018-01-20,12775.99,11498.99,12744.98,11598.1
2018-01-19,11552,11305.53,11535.56,11286
2018-01-18,11247.57,11200.01,11298,11185
2018-01-17,11191.35,11570.01,11240.19,11533.2
2018-01-16,11386.34,13590,11399.01,13608.3
2018-01-15,13607.04,13656.23,13597.6,13711.2
2018-01-14,13647.99,14187.95,13626.27,13503.4
2018-01-13,14197.78,13820,14174.38,13503.4
2018-01-12,13781.41,13308.06,13815.26,13503.4
2018-01-11,13243.83,14875.18,13301.77,14937.6
2018-01-10,14890.02,14480.99,14929.39,14516.6
2018-01-09,14403.51,14993.74,14477.55,15022.6
2018-01-08,14999.99,16174.22,14980.01,16128.4
2018-01-07,16124.02,17099,16150.15,17088
2018-01-06,17149.67,16960.01,17175,16990
2018-01-05,16928,15144.99,16945.5,15266.6
2018-01-04,15143.67,15098.14,15199.99,15185.7
2018-01-03,15155.62,14781.51,15148.92,14882
2018-01-02,14678.94,13480.01,14740.09,13506.1
2018-01-01,13443.41,13863.13,13338.41,13990
2017-12-31,13880,12839.99,13820.26,12600
2017-12-30,12640,14565.05,12675.68,14402.2
2017-12-29,14340,14450.01,14574.99,14548.8
2017-12-28,14470.07,15367.08,14488.61,15445.9
2017-12-27,15364.93,15790.88,15418.95,15814.5
2017-12-26,15764.44,14171.98,15830.86,13865
2017-12-25,13911.28,14221.94,13986.68,13760
2017-12-24,14157.87,15065.51,14100.01,14560.9
2017-12-23,14619,14210.57,15002.72,13874.1
2017-12-22,14009.79,15758.8,14000,15180
2017-12-21,15600.01,16496.9,15797.49,16220.7
2017-12-20,16466.98,17838.73,16596.09,17600.5
2017-12-19,17700,19039,17640.01,18833.1
2017-12-18,18940.57,19378.99,18981.88,18920.6
2017-12-17,18953,19650,19260.5,19356.9
2017-12-16,19187.78,17738.67,19499.99,17500
2017-12-15,17471.5,16749.79,17744.5,16376.1
2017-12-14,16404.99,16689.61,16678.79,16150.1
2017-12-13,16250,17730.12,16460.9,16889.3
2017-12-12,16650.01,16885.75,17382.19,16578
2017-12-11,16470,15290.01,16800.19,14850.3
2017-12-10,14691,15309.98,15268.98,14682.9
2017-12-09,14607.49,16367.03,15041,15921.9
2017-12-08,15800,17390.01,16250,15899
2017-12-07,16599.99,14090,17050,13737.7
2017-12-06,13623.5,11718.35,13725.53,11736.2
2017-12-05,11677,11643.98,11711.2,11638
2017-12-04,11613.07,11290,11668.84,11235.1
2017-12-03,11250,10930.23,11231.21,10901
2017-12-02,10872,10869.84,10888.01,10896.1
2017-12-01,10840.45,9903,10910.18,10088.5
2017-11-30,9947.67,9935.98,9934.4,9795.8
2017-11-29,9824.68,9949,9827.29,9800
2017-11-28,9868.82,9768.71,9941.7,9580
2017-11-27,9708.07,9401.11,9763.44,9174.3
2017-11-26,9271.06,8795.5,9304.19,8690
2017-11-25,8717.99,8215.01,8779.62,8173.1
2017-11-24,8199.19,8031.16,8209.88,8030
2017-11-23,7989,8250,8009.88,8250.6
2017-11-22,8214.69,8109,8240.82,8113.1
2017-11-21,8095.23,8256.01,8120.36,8234.1
2017-11-20,8226.17,8031.82,8246.01,8000
2017-11-19,8016.58,7777.01,8046.98,7786
2017-11-18,7771.03,7714.71,7776.54,7695.7
2017-11-17,7674.99,7838.53,7677.17,7750.7
2017-11-16,7846.96,7294,7852.44,7260
2017-11-15,7294,6605,7286.93,6660.6
2017-11-14,6609,6535.87,6606.75,6528
2017-11-13,6525.17,5886.35,6550.76,5880
2017-11-12,5870.37,6346.7,5849.37,6330
2017-11-11,6355.13,6577.63,6340,6583
2017-11-10,6588.18,7156,6585.11,7152.4
2017-11-09,7148,7467.96,7151.49,7463.5
2017-11-08,7450.32,7126.63,7465.53,7128.1
2017-11-07,7130.28,6969.76,7109.7,6969
2017-11-06,6967.68,7392,6975.01,7380
2017-11-05,7372.72,7412.55,7394.44,7369.9
2017-11-04,7388.83,7170.01,7371.55,7160
2017-11-03,7146.82,7039.99,7177.28,7007.3
2017-11-02,7030,6783.69,7037.48,6741.9
2017-11-01,6741.59,6445.01,6741.02,6430.5
2017-10-31,6434.21,6124.16,6448.36,6124.5
2017-10-30,6119.99,6140.01,6124.69,6130
2017-10-29,6137.37,5752.01,6132.76,5750
2017-10-28,5730.69,5780,5730.01,5793.8
2017-10-27,5771.89,5891.61,5765.32,5890.6
2017-10-26,5890,5739.97,5889.42,5762.8
2017-10-25,5735.88,5525.43,5741.66,5545.5
2017-10-24,5523.4,5905.99,5517.21,5902.8
2017-10-23,5871.17,6005.05,5899.6,5949
2017-10-22,5969,6024.86,5974.97,5949
2017-10-21,6013.46,5989.1,6012.58,5949
2017-10-20,5977.29,5704.01,5984.03,5695.3
2017-10-19,5698.69,5574.44,5695.01,5579.4
2017-10-18,5582.05,5594,5569.33,5606.5
2017-10-17,5597.31,5754.9,5592.26,5738.8
2017-10-16,5745.72,5693.7,5748.56,5680
2017-10-15,5679.7,5819.13,5694.61,5800
2017-10-14,5801.29,5624.8,5799.99,5640
2017-10-13,5653.6,5440,5636.28,5429.7
2017-10-12,5445,4814.99,5437.68,4822.6
2017-10-11,4822.01,4750,4813.85,4748.5
2017-10-10,4749.29,4769.55,4756.22,4772.1
2017-10-09,4764.7,4603.49,4751.08,4592
2017-10-08,4597.98,4425,4602.5,4432
2017-10-07,4423.3,4362.99,4425.01,4363.1
2017-10-06,4362.95,4320.04,4362.42,4324.2
2017-10-05,4301.09,4214.84,4318.57,4223.6
2017-10-04,4219.53,4307.99,4214.25,4309
2017-10-03,4315.83,4392.71,4300,4401.7
2017-10-02,4391.48,4394.81,4385.7,4383.7
2017-10-01,4377.22,4339,4388.74,4344
2017-09-30,4326.09,4156.99,4327.63,4157.1
2017-09-29,4164.82,4189.42,4182.9,4190
2017-09-28,4184.84,4200,4188,4213.8
2017-09-27,4199.29,3885.09,4204.51,3885.9
2017-09-26,3888.03,3919.78,3885.14,3924
2017-09-25,3918,3669.01,3916.48,3672.7
2017-09-24,3664.22,3787.33,3667.99,3789
2017-09-23,3779.17,3619.01,3783.6,3599.8
2017-09-22,3612.18,3617.47,3620.96,3623.9
2017-09-21,3617.05,3867.05,3616.74,3863.1
2017-09-20,3874.46,3910.11,3866,3911
2017-09-19,3888.8,4100,3903.4,4091.5
2017-09-18,4101.6,3719.97,4098.03,3719
2017-09-17,3662.99,3726.51,3716.46,3716.4
2017-09-16,3678.93,3740.02,3715.38,3739.6
2017-09-15,3700.01,3250.4,3709.85,3254.2
2017-09-14,3227.79,3855.32,3242.63,3882.2
2017-09-13,3865.34,4164.52,3855.01,4173.6
2017-09-12,4172.56,4210.72,4155.55,4226.2
2017-09-11,4207.31,4251.36,4209.69,4287.1
2017-09-10,4226.22,4334.36,4243.48,4342.3
2017-09-09,4308.72,4350,4325.17,4385
2017-09-08,4312,4624.18,4346.24,4660
2017-09-07,4615,4616.18,4623.19,4641.6
2017-09-06,4605.8,4432.51,4609.17,4464.03
2017-09-05,4396.52,4498.25,4393,4344.11
2017-09-04,4277,4626.05,4278.86,4645
2017-09-03,4606.26,4649.99,4607.47,4630.4
2017-09-02,4599.9,4947.99,4642.85,4919.9
2017-09-01,4921.7,4743.94,4924,4737.27
2017-08-31,4734.26,4581.98,4736.28,4579.75
2017-08-30,4573.2,4599,4583.85,4590.17
2017-08-29,4578.82,4384.99,4589.99,4387.83
2017-08-28,4379.99,4340.11,4379.96,4338.46
2017-08-27,4337.68,4344.32,4340.88,4351.75
2017-08-26,4333.38,4360,4371.25,4390.99
2017-08-25,4355.98,4312.03,4371.25,4334.68
2017-08-24,4300.34,4143.49,4313.21,4151
2017-08-23,4108.12,4092,4147.1,4104.9
2017-08-22,4085,4002,4093.28,4005.7
2017-08-21,3987.52,4050.99,3993.87,4078.24
2017-08-20,4058.68,4157.41,4049.98,4179.73
2017-08-19,4099.55,4101.72,4145.11,4141
2017-08-18,4100,4280.01,4102.48,4291
2017-08-17,4276.5,4370.01,4284.45,4388
2017-08-16,4378.84,4159.93,4322.44,4172.2
2017-08-15,4155.67,4320.6,4154.84,4355.66
2017-08-14,4306.23,4060.47,4318.3,4084
2017-08-13,4053.87,3874,4046.34,3884.63
2017-08-12,3855.1,3656.15,3863.3,3670
2017-08-11,3645.06,3444.98,3639.99,3433.99
2017-08-10,3413.03,3342.8,3421.45,3371.88
2017-08-09,3342.99,3422.43,3348.99,3430.52
2017-08-08,3412.41,3398.23,3421.11,3395
2017-08-07,3387.55,3222.22,3391.48,3235.03
2017-08-06,3222.75,3243.49,3218.74,3256.31
2017-08-05,3263.62,2857.34,3252.34,2875.97
2017-08-04,2855,2787.02,2844.99,2797.03
2017-08-03,2793.37,2699.9,2783.43,2700.8
2017-08-02,2703.51,2732.59,2703.44,2727.03
2017-08-01,2731,2856.88,2730,2876.13
2017-07-31,2855.81,2723.99,2871.27,2799
2017-07-30,2742.37,2700.21,2749.99,2716
2017-07-29,2680.56,2786.07,2706.14,2800
2017-07-28,2777.01,2664.99,2786.19,2675.39
2017-07-27,2666.33,2525.99,2662.99,2525
2017-07-26,2524.99,2564,2524.52,2556
2017-07-25,2564.82,2762.26,2558.27,2755.9
2017-07-24,2759.98,2754.28,2758.5,2761.2
2017-07-23,2749.02,2825.27,2761.45,2831.13
2017-07-22,2832.71,2657.45,2838.07,2670
2017-07-21,2670,2873.48,2661.99,2854.88
2017-07-20,2875.03,2258.99,2889.98,2255
2017-07-19,2265.21,2308.15,2264.29,2310.8
2017-07-18,2303.71,2235.19,2304.36,2217
2017-07-17,2226,1910.86,2229.07,1907.24
2017-07-16,1917.63,1964.31,1904,1972.07
2017-07-15,1970.51,2217.24,1967.34,2216.18
2017-07-14,2213.37,2340,2213.01,2336.4
2017-07-13,2339.99,2383.42,2343.48,2373.85
2017-07-12,2388,2310.01,2383.82,2302.2
2017-07-11,2305.98,2331.05,2305.05,2339.23
2017-07-10,2323.45,2508.99,2329.4,2499
2017-07-09,2502.28,2561.11,2501.02,2547.85
2017-07-08,2550.07,2501.15,2547.77,2506.93
2017-07-07,2501.46,2604.84,2493.79,2605.64
2017-07-06,2600.39,2616.96,2605.53,2611.39
2017-07-05,2602.9,2602,2625.06,2599.07
2017-07-04,2596.12,2542.41,2606.64,2546.73
2017-07-03,2550.47,2516.66,2540.94,2505.57
2017-07-02,2504.37,2423.63,2507.84,2392.95
2017-07-01,2412.41,2455.19,2416.12,2445
2017-06-30,2465.49,2530,2456.01,2526.07
2017-06-29,2541.59,2553.25,2549.89,2554.02
2017-06-28,2559.9,2575.75,2554.97,2538.01
2017-06-27,2565,2407.91,2573.77,2405
2017-06-26,2421.22,2505.61,2415.62,2490.13
2017-06-25,2502.03,2574.84,2497.6,2547.43
2017-06-24,2557.66,2690.76,2572.96,2668
2017-06-23,2685.05,2679.99,2684.63,2684.99
2017-06-22,2713.48,2643.35,2689.58,2644.97
2017-06-21,2657.04,2725.08,2645.1,2705.1
2017-06-20,2740,2596.98,2734.14,2584.86
2017-06-19,2598,2515.25,2594.99,2497.76
2017-06-18,2516.98,2634.94,2519.87,2642.24
2017-06-17,2630,2480.43,2638.24,2470.3
2017-06-16,2484.68,2409.98,2484.64,2428.71
2017-06-15,2424.91,2432.21,2416.16,2452.69
2017-06-14,2450,2709.01,2459.56,2710
2017-06-13,2703.02,2655.71,2715.86,2609.44
2017-06-12,2667.06,2998.98,2656.3,2924.88
2017-06-11,2954.22,2932.44,2960,2816.27
2017-06-10,2899.99,2811.39,2903.77,2816.47
2017-06-09,2822.32,2799.73,2807.01,2811.63
2017-06-08,2806,2685.64,2800,2690
2017-06-07,2683.03,2871.29,2690,2867
2017-06-06,2880.74,2698,2880.23,2690
2017-06-05,2698,2521.36,2689.43,2520.55
2017-06-04,2530.27,2548.05,2520.05,2549.72
2017-06-03,2540.94,2478.99,2554.91,2487.18
2017-06-02,2488.94,2419.99,2484.04,2399
2017-06-01,2413.63,2303.29,2412.34,2291.3
2017-05-31,2298.01,2191.58,2303.62,2159.1
2017-05-30,2203.51,2279.48,2197.33,2245.27
2017-05-29,2292.1,2232.78,2284.3,2137.21
2017-05-28,2178.81,2099.99,2230.77,2008
2017-05-27,2042,2272.7,2096.77,2203.71
2017-05-26,2279.82,2355,2267.37,2259.2
2017-05-25,2292.53,2432.97,2330.84,2408.24
2017-05-24,2420.29,2272.75,2436.45,2231.97
2017-05-23,2264.23,2123.29,2261.22,2085.99
2017-05-22,2099.97,2057,2101.33,2011.11
2017-05-21,2017.55,2058.91,2026,2039.11
2017-05-20,2013.99,1976.23,2044.4,1961.79
2017-05-19,1958,1899.16,1965.01,1900
2017-05-18,1878.99,1813.23,1895.55,1836.06
2017-05-17,1782.99,1777.48,1812.57,1786.85
2017-05-16,1700.01,1747.81,1769.71,1739.75
2017-05-15,1705.48,1799.99,1742.67,1788.04
2017-05-14,1784,1792.73,1794.01,1783.57
2017-05-13,1776.89,1695.61,1781.71,1698.19
2017-05-12,1691.51,1837.93,1694.64,1836.06
2017-05-11,1828.45,1794.99,1834.1,1782
2017-05-10,1772.58,1720.43,1793.26,1721.75
2017-05-09,1720.28,1713,1719.51,1670.06
2017-05-08,1649.54,1609.57,1686.39,1505.16
2017-05-07,1554.01,1585.39,1602.17,1535.42
2017-05-06,1558.02,1551.3,1580.99,1518.03
2017-05-05,1514.9,1563.39,1546.93,1535.42
2017-05-04,1537.23,1533,1550,1513.6
2017-05-03,1503.22,1471.99,1517.95,1455.2
2017-05-02,1447.75,1436.5,1464.94,1397.23
2017-05-01,1390.86,1384.55,1440.82,1350.72
2017-04-30,1350.21,1365.43,1362.63,1335.93
2017-04-29,1333,1353.34,1351.08,1328.64
2017-04-28,1330.7,1349.26,1347.19,1333.7
2017-04-27,1331.53,1298.44,1346.04,1290.52
2017-04-26,1287.99,1281.16,1294.91,1276.07
2017-04-25,1269,1257.29,1282.56,1251.02
2017-04-24,1253.58,1251.98,1255.71,1242.48
2017-04-23,1241.99,1247,1247.83,1235.49
2017-04-22,1233.2,1249.99,1247.66,1249
2017-04-21,1243.61,1236.15,1250,1241.88
2017-04-20,1234.19,1214.21,1238.45,1204.2
2017-04-19,1203.98,1201.94,1211.45,1202.38
2017-04-18,1202.58,1189.91,1204,1197.5
2017-04-17,1176.54,1177.99,1193.81,1181
2017-04-16,1162.31,1178.85,1178.01,1175.01
2017-04-15,1173.45,1173.74,1174.69,1187.99
2017-04-14,1170.34,1177.05,1175.5,1174.13
2017-04-13,1172.91,1214.17,1177.88,1219.15
2017-04-12,1212.17,1223.99,1218.12,1223.5
2017-04-11,1218.99,1210,1223.76,1211.23
2017-04-10,1209.25,1210.97,1210.64,1211
2017-04-09,1206.2,1184.5,1210.08,1182.47
2017-04-08,1184.03,1194,1184.5,1191.88
2017-04-07,1190.66,1192.3,1194.67,1191.56
2017-04-06,1190.85,1132.99,1195.77,1138.16
2017-04-05,1134.58,1143.99,1134.73,1142
2017-04-04,1143,1152.6,1149.03,1148.43
2017-04-03,1144.77,1113.99,1152.94,1107.46
2017-04-02,1078.01,1092,1107.45,1091.73
2017-04-01,1083.94,1088.99,1089.99,1079.78
2017-03-31,1070.31,1042.08,1084.22,1040
2017-03-30,1033.7,1043.27,1041.75,1043.43
2017-03-29,1035.96,1045.4,1041.03,1043.28
2017-03-28,1043.99,1042.08,1045.04,1039.85
2017-03-27,1039.92,973.08,1045.01,961.88
2017-03-26,960,963.72,967.14,951.08
2017-03-25,956.02,934.87,966.76,921.3
2017-03-24,929.06,1025.14,936.83,1024.03
2017-03-23,1029.65,1034.57,1033,1032.01
2017-03-22,1037.56,1114.42,1037.97,1110.37
2017-03-21,1114.39,1044.96,1113.81,1030
2017-03-20,1035.96,1019.49,1041.61,1017.94
2017-03-19,1017.97,970,1010.63,954.99
2017-03-18,969.4,1069.57,965.1,1021.16
2017-03-17,1071.02,1175.11,1070.6,1165.1
2017-03-16,1172.62,1263,1175.29,1252.92
2017-03-15,1257.32,1247.42,1261.75,1243.99
2017-03-14,1245.86,1245.5,1248.2,1230
2017-03-13,1242.46,1235.58,1246.86,1224.37
2017-03-12,1226.62,1188.11,1232.63,1174.97
2017-03-11,1176.55,1109.01,1182.64,1111
2017-03-10,1116.97,1197.3,1109.29,1187.19
2017-03-09,1190.89,1150.22,1197.2,1143.39
2017-03-08,1150.05,1237.36,1151.39,1224.92
2017-03-07,1233.05,1284.99,1236.29,1275
2017-03-06,1278.49,1278.98,1288.88,1267.98
2017-03-05,1273,1273.97,1273.99,1261.27
2017-03-04,1260,1292.86,1270,1277
2017-03-03,1285.33,1269.17,1287.98,1254
2017-03-02,1257.6,1230,1260.21,1225
2017-03-01,1226.39,1195.08,1228.9,1180
2017-02-28,1191.21,1195.81,1195.2,1190.21
2017-02-27,1194.64,1184.91,1194.5,1167
2017-02-26,1179.05,1158,1182.03,1146.83
2017-02-25,1152.2,1186.91,1148.77,1185
2017-02-24,1180.14,1186.9,1183.72,1182
2017-02-23,1188.11,1128.71,1181.02,1125.67
2017-02-22,1130.01,1128.29,1128.54,1128.46
2017-02-21,1124.62,1089.86,1133.68,1088.68
2017-02-20,1084,1059.88,1085.13,1055.61
2017-02-19,1051.8,1062.15,1054.72,1058.91
2017-02-18,1056.4,1057.3,1059.84,1052.07
2017-02-17,1055.46,1038.94,1059.75,1039.87
2017-02-16,1032.7,1014.53,1034.33,1015.75
2017-02-15,1011.53,1012.23,1013.67,1014.97
2017-02-14,1011.51,1002.56,1012.65,998.8
2017-02-13,1000.25,1010,1000.05,1001.1
2017-02-12,1001.63,1018.43,1008.49,1010.2
2017-02-11,1011.98,1003.97,1015.18,1002.99
2017-02-10,997.57,985,1003.97,983.86
2017-02-09,981.96,1059.14,984.81,1060.6
2017-02-08,1056.99,1053.97,1060.31,1053.16
2017-02-07,1054.12,1024.39,1055,1027.02
2017-02-06,1023.7,1019.31,1024.99,1017.84
2017-02-05,1014.57,1035.84,1011.9,1035
2017-02-04,1034.44,1016.77,1032.98,1015
2017-02-03,1012.64,1007.66,1015.09,1007
2017-02-02,1008.18,989.71,1005.97,985.11
2017-02-01,983.36,970.92,989.1,973.84
2017-01-31,965.01,923.45,967.02,922.73
2017-01-30,921.08,917.31,923.02,918.11
2017-01-29,913.1,924.7,916.77,920.25
2017-01-28,917.75,923.4,921.29,921.45
2017-01-27,917.84,917.93,921.01,916.53
2017-01-26,916.34,896.81,918.42,895
2017-01-25,892.95,894.86,894.06,890.9
2017-01-24,893,924.24,890.66,924.99
2017-01-23,921.39,924.98,923.87,919.68
2017-01-22,919.39,925.36,921.82,924.93
2017-01-21,921.1,894.05,923.25,896.21
2017-01-20,895.62,901,899.53,900.9
2017-01-19,900.46,880,901.75,883.69
2017-01-18,876.74,907.58,878.02,909.17
2017-01-17,906.08,831.89,907.19,832.91
2017-01-16,829.62,830,835.13,824.53
2017-01-15,822.47,829.62,827.56,821.15
2017-01-14,819.66,830.79,824.65,835.01
2017-01-13,826.9,822.64,826.69,816.02
2017-01-12,816,801.5,813.02,793.99
2017-01-11,788.81,907.53,789.31,911
2017-01-10,907.96,905.41,907.99,909.99
2017-01-09,899.99,916.6,902.98,911.5
2017-01-08,906.17,903.7,912.99,899.43
2017-01-07,897.14,894.93,898.75,896.37
2017-01-06,891.56,995.05,893.49,996.4
2017-01-05,994.02,1133,989.99,1139.52
2017-01-04,1122.56,1035.19,1142.15,1037.99
2017-01-03,1036.99,1019.01,1038,1020
2017-01-02,1014.1,996.82,1020.23,998.07
2017-01-01,998.8,970.47,999.95,968.21
2016-12-31,964.32,962.63,974.55,960.7
2016-12-30,959.03,976.75,966.71,977.01
2016-12-29,968.99,981.92,978.57,978.74
2016-12-28,975.97,921.59,981.92,929.16
2016-12-27,929.92,901.98,932.65,904.88
2016-12-26,899.1,896.73,905.57,899.98
2016-12-25,891.67,887,896.98,894.93
2016-12-24,892.63,915.5,893.68,920
2016-12-23,916,858.01,919.23,860.1
2016-12-22,858.94,828.58,859,827.86
2016-12-21,828.1,797.99,826.21,803.42
2016-12-20,801.02,789.91,800.88,791.18
2016-12-19,790.65,790,790.2,792.69
2016-12-18,788.68,790.07,790.12,792.47
2016-12-17,788.4,785,789.39,785.33
2016-12-16,780.35,775,782.47,778.1
2016-12-15,774.79,777.72,775.18,777.52
2016-12-14,776.29,779.79,774.84,780.5
2016-12-13,778.71,778.71,780.64,778.37
2016-12-12,777.93,770.9,779.65,768.05
2016-12-11,768.19,775.98,769.44,775
2016-12-10,772.35,771.77,771.79,772.42
2016-12-09,769.49,768.35,770.1,770.71
2016-12-08,767.96,766.07,768.68,767.12
2016-12-07,766.85,755.73,765.49,757.86
2016-12-06,758.91,753.36,758.99,754.47
2016-12-05,750,766.96,754.88,769.6
2016-12-04,761.99,766.52,765.69,765.28
2016-12-03,762.79,771.54,766.47,773.87
2016-12-02,769.99,753.57,774.14,754
2016-12-01,751.6,742.6,753.99,742.72
2016-11-30,742.06,731.8,742.11,732.2
2016-11-29,730.99,730.27,732.36,735.78
2016-11-28,730.98,729.01,732.99,728.3
2016-11-27,726.12,735.83,728.35,734.78
2016-11-26,729.87,739,736.45,740.92
2016-11-25,737.03,737.99,741.28,738.61
2016-11-24,735.7,741.76,737.99,740.34
2016-11-23,740.17,747,742.41,748.01
2016-11-22,746.61,735.81,748.35,737.69
2016-11-21,736.97,731,737.48,730.98
2016-11-20,727.09,750.38,727.36,752
2016-11-19,749.57,747.8,750.98,750.55
2016-11-18,745.99,736.57,748.13,739
2016-11-17,737,737.55,736.03,742.75
2016-11-16,737.99,712.41,739.99,711.3
2016-11-15,710.82,705.52,712.44,705.82
2016-11-14,704.7,703.98,707.03,702.78
2016-11-13,701.51,704.67,702,704.46
2016-11-12,703,714.77,700.31,715.25
2016-11-11,715.82,712.28,715.23,713.5
2016-11-10,714.5,721,710.99,722.4
2016-11-09,720.44,712.57,721.48,712.71
2016-11-08,710.19,706.82,713.6,708.86
2016-11-07,706.5,716.83,709.29,715.5
2016-11-06,710.22,706.9,711.15,706.48
2016-11-05,703.63,705.7,706.33,707.41
2016-11-04,702.98,688.93,706.98,691.13
2016-11-03,681.03,735.5,685.62,737.5
2016-11-02,732.99,731.16,734.99,733.75
2016-11-01,726.6,699.68,730.48,700.8
2016-10-31,697.67,697.65,697.7,698.7
2016-10-30,696.36,717.9,700.01,717.87
2016-10-29,712.06,689.65,715.94,690
2016-10-28,685.29,685.57,688.99,681.97
2016-10-27,682.67,674,680,675.13
2016-10-26,673.14,649.07,668.82,651.99
2016-10-25,648.33,649.75,649.56,652.63
2016-10-24,648.14,650.54,648.73,653.93
2016-10-23,649.69,655,650.51,663.73
2016-10-22,655,629.76,656.06,633.4
2016-10-21,628.99,627.83,630.15,632.84
2016-10-20,627.72,629.68,629,631.5
2016-10-19,627.98,634.97,628.61,636.97
2016-10-18,635.58,638.96,635,640
2016-10-17,635.69,642.53,637.79,643.25
2016-10-16,638.09,637.51,639.58,640.75
2016-10-15,636.01,638,635.17,640.61
2016-10-14,638.38,635.86,636.93,630.15
2016-10-13,635.61,636.92,635.45,637.46
2016-10-12,635.06,643.83,635.33,644.23
2016-10-11,638.91,618.31,640,618.12
2016-10-10,615.37,617.58,617.37,616.52
2016-10-09,613.61,619.59,616.06,620.79
2016-10-08,614.48,617.32,617.99,617.98
2016-10-07,614.23,611.83,617.99,614.91
2016-10-06,610.34,613.35,611.8,612.51
2016-10-05,610.98,609.25,612.38,612
2016-10-04,607.18,612.95,609.98,612.25
2016-10-03,611.06,612.41,612.91,610
2016-10-02,608.59,616,610.5,614.27
2016-10-01,612,607.65,614.04,611.28
2016-09-30,608.26,605.07,607.2,605.5
2016-09-29,604.96,604.98,604.87,604.99
2016-09-28,603.71,605.3,604.24,606.52
2016-09-27,604.57,606.82,604.9,608.04
2016-09-26,604.28,601.35,606.98,601.03
2016-09-25,597.41,603.69,600,604
2016-09-24,600.14,602.68,601.32,604.17
2016-09-23,602.53,595.25,601.25,598.35
2016-09-22,593.95,596.95,594.69,599
2016-09-21,594.66,608.98,595.61,610.01
2016-09-20,606.95,608.94,608.59,610.99
2016-09-19,607.88,610.99,608.99,612.02
2016-09-18,608,607.83,608.99,606.59
2016-09-17,604.04,607.75,606.38,610
2016-09-16,605.9,607.01,607.14,612.92
2016-09-15,605.21,608.95,605.76,612.24
2016-09-14,607.89,608.24,608.99,615.16
2016-09-13,607.73,607.48,607.94,611.1
2016-09-12,607,607.25,607.81,611.33
2016-09-11,603.8,625.1,604.86,625.26
2016-09-10,622.01,622.6,623.45,625.26
2016-09-09,622,628.77,622.15,629.6
2016-09-08,625.66,614.59,624.7,615.71
2016-09-07,614.39,612.37,614.48,613.35
2016-09-06,608.96,606.19,611.89,610.02
2016-09-05,603.74,611.82,605.98,608.91
2016-09-04,604.25,600.58,607.67,599.97
2016-09-03,592.5,575.38,600.17,577
2016-09-02,572,571.96,574.85,571.1
2016-09-01,571.6,571.59,571.53,573.36
2016-08-31,570.76,574.79,574.22,579.21
2016-08-30,575.23,573,577.91,574.69
2016-08-29,571.5,574.83,573.36,574.73
2016-08-28,573,570.42,572.98,569.02
2016-08-27,567.41,578.89,569.82,579.36
2016-08-26,577.84,576.16,578.77,576.85
2016-08-25,576.99,578.92,575.97,580.47
2016-08-24,577.11,582.58,579.24,584.9
2016-08-23,580.71,585.12,581.98,586
2016-08-22,583.85,580.65,586.97,580.53
2016-08-21,578.47,583.21,579.85,580
2016-08-20,580,574.49,580.21,572.95
2016-08-19,572.11,573.99,573.7,572
2016-08-18,569.71,573.83,574.08,574.43
2016-08-17,570.47,581.97,574.99,581
2016-08-16,577.53,568.09,580.35,570.74
2016-08-15,565.79,572.43,569.33,569.67
2016-08-14,567.45,586,571.7,585.1
2016-08-13,582.11,587.82,586.99,588.36
2016-08-12,586,589.22,588.83,588.23
2016-08-11,587.57,593.24,587.57,588.95
2016-08-10,591.7,588.13,595.14,586.3
2016-08-09,583.53,591.91,585.76,590.31
2016-08-08,589.46,593.9,595.65,593
2016-08-07,592.6,590.98,593.65,591.6
2016-08-06,588.78,582.98,588.16,575.65
2016-08-05,576.64,585,575.51,582.92
2016-08-04,575.52,576,585,564.94
2016-08-03,565.63,515.38,572.38,506
2016-08-02,514.98,603.97,515.86,605
2016-08-01,607.61,623.14,606.78,623.68
2016-07-31,620.01,656.32,622.17,654.93
2016-07-30,654.37,657.27,655.01,653
2016-07-29,657.03,656.67,657.99,653.87
2016-07-28,653.44,657.04,657.32,654.03
2016-07-27,655.63,657.73,658.24,655.03
2016-07-26,652.22,657.39,655.16,654.28
2016-07-25,654.37,660.27,656.26,662.9
2016-07-24,659.51,658.19,663.95,657.71
2016-07-23,653.8,653.69,655.92,648.97
2016-07-22,652.95,667.73,649.03,664.5
2016-07-21,664.25,667.94,665.86,667
2016-07-20,667.02,673.89,664.86,673.51
2016-07-19,673.86,675.4,672.98,675.28
2016-07-18,673.46,679.08,672.74,677.88
2016-07-17,678.23,666.45,678.34,665
2016-07-16,662,668.28,663.84,663.87
2016-07-15,664.99,661.41,665,662.78
2016-07-14,660.53,662.57,658.98,662.88
2016-07-13,661.5,674.02,661.55,674.21
2016-07-12,671.7,651.7,673.99,652.98
2016-07-11,647.42,652.54,650.83,651.2
2016-07-10,646.55,658.78,649.99,657.95
2016-07-09,652.54,666.5,654.78,670
2016-07-08,664,640.3,661.99,640
2016-07-07,636.39,678,637.99,677.59
2016-07-06,674.46,668.45,674.99,666.5
2016-07-05,666.58,679,666.23,679.26
2016-07-04,678.72,669,679.45,664.82
2016-07-03,664.14,701.23,664.67,700
2016-07-02,702.48,680.61,699.99,677.74
2016-07-01,677,672.45,680.96,669.7
2016-06-30,666.84,639.22,673.43,639.5
2016-06-29,634.43,647.63,640.32,647.01
2016-06-28,645.39,650.31,648.78,648.49
2016-06-27,648.2,639.13,650.09,633.04
2016-06-26,628.61,677.72,631.14,674.15
2016-06-25,663.24,668.6,665.15,669.26
2016-06-24,656.71,630.87,662.66,623.54
2016-06-23,624.69,594.68,628.11,594.46
2016-06-22,594.1,669.99,600.16,673.41
2016-06-21,668.42,730.42,673.71,737
2016-06-20,734.99,767.98,741.84,765.87
2016-06-19,760.55,760.08,763.99,761.02
2016-06-18,755.02,753,755.14,747.08
2016-06-17,746.99,770.21,757.06,767.05
2016-06-16,765.6,694.83,764.76,692.07
2016-06-15,693.01,684.9,692.93,687.34
2016-06-14,685.69,706,685.37,703.27
2016-06-13,702.05,674.26,704,665.8
2016-06-12,667.94,595.82,663.09,595.99
2016-06-11,592.13,579.5,597.77,579.26
2016-06-10,577.91,578.56,578.99,575.01
2016-06-09,576.4,583.23,579.13,581.98
2016-06-08,583.24,579.33,581.99,577.38
2016-06-07,576.75,585.99,580,583
2016-06-06,583.49,574.86,584.44,574.11
2016-06-05,573.76,575.56,574.05,573.18
2016-06-04,573.87,570,573.51,567.43
2016-06-03,567.94,538.53,570.02,539.2
2016-06-02,538.98,536.99,539.78,536.12
2016-06-01,538.65,531.47,539.99,530
2016-05-31,532.06,533,530.62,531.43
2016-05-30,527,524.7,532.66,518.98
2016-05-29,513.85,528.04,519.29,523.99
2016-05-28,521.5,470.94,526.87,471.36
2016-05-27,472.68,454.68,476.99,452.41
2016-05-26,452.38,451.78,454.27,448.3
2016-05-25,448.02,446.5,449.9,444.6
2016-05-24,445.31,444.88,445.87,442.5
2016-05-23,442.29,442.54,443.86,437.89
2016-05-22,437.85,446.14,437.74,441
2016-05-21,442.84,444.27,443.41,439.65
2016-05-20,441.97,442.41,442.99,432
2016-05-19,441.63,455.19,443.01,453.24
2016-05-18,452.94,453.62,455.01,454.16
2016-05-17,453.01,456.78,454.69,454.39
2016-05-16,455.56,462.26,454.43,457.65
2016-05-15,457.48,458.99,457.99,455.4
2016-05-14,455.38,457.49,456.67,456.05
2016-05-13,456.04,455.83,457.46,454.95
2016-05-12,454.92,454.46,453.99,453.97
2016-05-11,452.01,452.92,451.98,452.13
2016-05-10,449.91,464.24,451.75,461.75
2016-05-09,461.63,461.91,460.98,459.1
2016-05-08,457.81,462.2,458,459.1
2016-05-07,458.15,462.87,459.66,460.7
2016-05-06,459.73,450.39,461.36,448.74
2016-05-05,448.82,449.06,448.99,448
2016-05-04,446.3,452.68,448,451.92
2016-05-03,451.7,445.61,451.99,444
2016-05-02,443.54,456.51,446.36,452.07
2016-05-01,451.4,453.48,452.66,446.44
2016-04-30,446.7,457.74,450.3,456.22
2016-04-29,454.77,451.3,455.91,450.86
2016-04-28,450,446.85,448.99,448.35
2016-04-27,447.46,470.37,448.44,469.3
2016-04-26,468,467.41,468.44,464
2016-04-25,465.99,463.85,465.9,460
2016-04-24,459.4,453.94,461.05,450.71
2016-04-23,451.31,448.29,452,446
2016-04-22,447.8,452.65,447.79,451.01
2016-04-21,451,442.85,451,441.77
2016-04-20,441.25,436.87,443.54,436.92
2016-04-19,435.25,429.57,435,428.02
2016-04-18,428.07,434.72,427.99,427.87
2016-04-17,426.75,434.72,426.2,429.12
2016-04-16,430.68,430.92,429.99,429.25
2016-04-15,429.25,426.1,429.53,424.52
2016-04-14,424.51,425.53,424.96,423.54
2016-04-13,423.26,428.27,424.53,427.08
2016-04-12,425.91,423.28,426.43,422.58
2016-04-11,422.08,423.48,423.23,420.95
2016-04-10,420.77,419.49,420.73,419.29
2016-04-09,418.37,418.97,416.67,418.31
2016-04-08,418.13,421.58,418.39,422.61
2016-04-07,419.84,421.57,422.59,422.78
2016-04-06,421.63,422.18,422.82,423.39
2016-04-05,422.6,419.31,422.48,420.14
2016-04-04,418.65,420.07,419.99,421.5
2016-04-03,419,419.9,419.45,420.57
2016-04-02,419.19,417.33,420,417.9
2016-04-01,415.38,416.44,416.48,417.56
2016-03-31,415.51,412.5,416.36,413.38
2016-03-30,413.09,416.5,413.7,415.71
2016-03-29,415.4,422.42,414.25,423
2016-03-28,422.05,425.03,422.16,424.97
2016-03-27,424.3,416.7,424.47,417.31
2016-03-26,416.77,416.57,416.92,416.11
2016-03-25,416.25,413.76,416.11,415.96
2016-03-24,415.96,417.3,415.55,415.53
2016-03-23,417.22,416.42,417.01,414.82
2016-03-22,415.89,411.38,416.83,411.76
2016-03-21,410.99,413.58,411.4,412.14
2016-03-20,411.34,410.55,410.99,410.09
2016-03-19,408.94,409.96,409.88,409.43
2016-03-18,408.21,418.5,407.59,420.75
2016-03-17,418.49,415.93,418.95,416.78
2016-03-16,416.49,414.65,416,415.59
2016-03-15,415.89,414.01,416,415.42
2016-03-14,413.85,413.15,413.99,408.87
2016-03-13,412.64,410.33,411.18,407.22
2016-03-12,410.47,418.81,409.72,419.92
2016-03-11,418.1,416.24,418.93,415.81
2016-03-10,416.5,412.83,414.68,410.55
2016-03-09,412.66,411.23,410.79,410.29
2016-03-08,412.13,415.43,412.09,413.75
2016-03-07,414.76,403.48,413.16,403.86
2016-03-06,404.78,396.79,403.44,394.52
2016-03-05,398.5,408.93,393.5,406.71
2016-03-04,409.97,418.82,408.87,419.62
2016-03-03,420.27,423.69,419.24,424.39
2016-03-02,425.18,432.4,423.97,429.88
2016-03-01,433.31,436.45,432.32,435.92
2016-02-29,436.62,433.69,437.05,430.14
2016-02-28,432.16,432.51,431.59,433.04
2016-02-27,431.06,427.5,431.47,427.2
2016-02-26,427.8,423.75,427.5,421.85
2016-02-25,423.51,422.79,423.98,423.2
2016-02-24,422.61,420.03,421.32,420.99
2016-02-23,420.05,436.9,418.77,433.35
2016-02-22,437.97,438.15,436.45,437.04
2016-02-21,437.7,441.89,439.28,440.3
2016-02-20,440.24,419.06,440.75,417.05
2016-02-19,419.27,421.32,419.04,422
2016-02-18,420.31,416.26,422.21,416.16
2016-02-17,415.52,406.89,415.9,405.5
2016-02-16,406.47,399.11,406.72,396
2016-02-15,399,404.53,398.27,403.25
2016-02-14,403.95,388.37,406.18,389.15
2016-02-13,389.51,381.97,386.51,380.3
2016-02-12,382.88,376.89,383.85,377.21
2016-02-11,377.99,378.56,376.09,379.3
2016-02-10,379.86,372.9,380.07,378.48
2016-02-09,373.16,370.68,374,372
2016-02-08,371.16,377.77,371.47,372.82
2016-02-07,375.4,374.92,376.03,375.69
2016-02-06,374.27,384.46,375.31,387.22
2016-02-05,385.88,390.08,387.21,392
2016-02-04,390,367,390.17,368
2016-02-03,367.64,372.85,368.7,373.71
2016-02-02,373.18,370.62,373.2,372
2016-02-01,371.5,369.82,371.74,369.84
2016-01-31,370,379.23,370,378
2016-01-30,376.6,379.39,378.33,379.92
2016-01-29,379.44,379.96,379.39,379.27
2016-01-28,379.16,394.93,380.92,396
2016-01-27,395,389.21,395.54,395.95
2016-01-26,390.66,392.91,389,394.01
2016-01-25,392.58,403.45,393.08,400.68
2016-01-24,402.5,389.52,401.74,389.11
2016-01-23,386.92,383.01,387.8,382.82
2016-01-22,381.78,408.97,393,412.31
2016-01-21,410.03,413.88,412.14,419.46
2016-01-20,410.93,375.96,417.51,381.08
2016-01-19,379.88,383.14,380.58,390.1
2016-01-18,385,381.01,385.03,385
2016-01-17,382.85,386.57,383.9,388.16
2016-01-16,386.43,373.43,384.25,374.41
2016-01-15,372.85,429.69,372.04,430
2016-01-14,429.22,432.68,430.42,433.98
2016-01-13,432.53,446.57,431.68,449.81
2016-01-12,446.27,449.33,445.4,450
2016-01-11,448.99,449.14,451.28,447.38
2016-01-10,447.21,451.07,444.6,451.38
2016-01-09,449.95,454.06,450.11,455.22
2016-01-08,451.32,458.49,456.68,457.88
2016-01-07,457.79,432.44,457,429.99
2016-01-06,431.84,432.67,431.1,431.32
2016-01-05,431.89,433.42,432.98,431.08
2016-01-04,433.97,432.51,435,427.63
2016-01-03,430.85,435.74,424.26,433.07
2016-01-02,433.74,435.43,435.75,431.51
2016-01-01,434.98,435.22,434.55,431.22